1,3,4,2
0m 9s (- 9m 0s) (500 1%) avg loss: 1.8660,0m 8s (- 8m 37s) (500 1%) avg loss: 2.2287,0m 22s (- 22m 8s) (500 1%) avg loss: 2.3976,0m 7s (- 7m 26s) (500 1%) avg loss: 2.0262
avg bleu: 0.3277,avg bleu: 0.3551,avg bleu: 0.2632,avg bleu: 0.3411
running acc: 0.0000,running acc: 0.0000,running acc: 0.0000,running acc: 0.0000
ind acc avg: 0.2047,ind acc avg: 0.1490,ind acc avg: 0.1072,ind acc avg: 0.1920
0m 17s (- 8m 40s) (1000 3%) avg loss: 1.6667,0m 17s (- 8m 21s) (1000 3%) avg loss: 1.9906,0m 44s (- 21m 19s) (1000 3%) avg loss: 2.2452,0m 14s (- 7m 8s) (1000 3%) avg loss: 1.7928
avg bleu: 0.3369,avg bleu: 0.3777,avg bleu: 0.3015,avg bleu: 0.3566
running acc: 0.0000,running acc: 0.0000,running acc: 0.0000,running acc: 0.0000
ind acc avg: 0.2307,ind acc avg: 0.1848,ind acc avg: 0.1040,ind acc avg: 0.2105
0m 27s (- 8m 35s) (1500 5%) avg loss: 1.4555,0m 27s (- 8m 41s) (1500 5%) avg loss: 1.8683,1m 5s (- 20m 37s) (1500 5%) avg loss: 2.3133,0m 22s (- 6m 58s) (1500 5%) avg loss: 1.8156
avg bleu: 0.3757,avg bleu: 0.3845,avg bleu: 0.3038,avg bleu: 0.3781
running acc: 0.0000,running acc: 0.0000,running acc: 0.0000,running acc: 0.0000
ind acc avg: 0.2830,ind acc avg: 0.2002,ind acc avg: 0.1202,ind acc avg: 0.2253
0m 35s (- 8m 18s) (2000 6%) avg loss: 1.3232,0m 37s (- 8m 45s) (2000 6%) avg loss: 1.9451,1m 25s (- 19m 55s) (2000 6%) avg loss: 2.3538,0m 30s (- 7m 7s) (2000 6%) avg loss: 1.8865
avg bleu: 0.4061,avg bleu: 0.3867,avg bleu: 0.2955,avg bleu: 0.3830
running acc: 0.0000,running acc: 0.0000,running acc: 0.0000,running acc: 0.0000
ind acc avg: 0.3143,ind acc avg: 0.1878,ind acc avg: 0.1316,ind acc avg: 0.2125
0m 43s (- 8m 0s) (2500 8%) avg loss: 1.2360,0m 47s (- 8m 44s) (2500 8%) avg loss: 1.8649,1m 49s (- 20m 3s) (2500 8%) avg loss: 2.3613,0m 39s (- 7m 10s) (2500 8%) avg loss: 1.6340
avg bleu: 0.4383,avg bleu: 0.3885,avg bleu: 0.3097,avg bleu: 0.3780
running acc: 0.0040,running acc: 0.0000,running acc: 0.0000,running acc: 0.0000
ind acc avg: 0.3503,ind acc avg: 0.1918,ind acc avg: 0.1315,ind acc avg: 0.2377
0m 51s (- 7m 46s) (3000 10%) avg loss: 1.2091,0m 57s (- 8m 40s) (3000 10%) avg loss: 1.8851,2m 18s (- 20m 45s) (3000 10%) avg loss: 2.5353,0m 47s (- 7m 8s) (3000 10%) avg loss: 1.5427
avg bleu: 0.4508,avg bleu: 0.3982,avg bleu: 0.3047,avg bleu: 0.3966
running acc: 0.0000,running acc: 0.0000,running acc: 0.0000,running acc: 0.0000
ind acc avg: 0.3593,ind acc avg: 0.1934,ind acc avg: 0.1001,ind acc avg: 0.2530
0m 58s (- 7m 21s) (3500 11%) avg loss: 1.1354,1m 7s (- 8m 34s) (3500 11%) avg loss: 1.8969,2m 52s (- 21m 44s) (3500 11%) avg loss: 2.5738,0m 56s (- 7m 5s) (3500 11%) avg loss: 1.5703
avg bleu: 0.4568,avg bleu: 0.3940,avg bleu: 0.3121,avg bleu: 0.4080
running acc: 0.0000,running acc: 0.0000,running acc: 0.0000,running acc: 0.0000
ind acc avg: 0.3733,ind acc avg: 0.1924,ind acc avg: 0.0981,ind acc avg: 0.2655
1m 8s (- 7m 22s) (4000 13%) avg loss: 1.0829,1m 18s (- 8m 27s) (4000 13%) avg loss: 1.8137,3m 13s (- 20m 58s) (4000 13%) avg loss: 2.6895,1m 4s (- 7m 0s) (4000 13%) avg loss: 1.4960
avg bleu: 0.4853,avg bleu: 0.3824,avg bleu: 0.3356,avg bleu: 0.4047
running acc: 0.0040,running acc: 0.0000,running acc: 0.0000,running acc: 0.0000
ind acc avg: 0.4057,ind acc avg: 0.2070,ind acc avg: 0.0920,ind acc avg: 0.2692
1m 16s (- 7m 12s) (4500 15%) avg loss: 1.0768,1m 28s (- 8m 19s) (4500 15%) avg loss: 1.7835,3m 46s (- 21m 25s) (4500 15%) avg loss: 2.5888,1m 13s (- 6m 55s) (4500 15%) avg loss: 1.4682
avg bleu: 0.5088,avg bleu: 0.3797,avg bleu: 0.3480,avg bleu: 0.3944
running acc: 0.0040,running acc: 0.0000,running acc: 0.0000,running acc: 0.0000
ind acc avg: 0.4220,ind acc avg: 0.2000,ind acc avg: 0.0948,ind acc avg: 0.2757
1m 23s (- 6m 55s) (5000 16%) avg loss: 1.0161,1m 38s (- 8m 11s) (5000 16%) avg loss: 1.7796,4m 20s (- 21m 40s) (5000 16%) avg loss: 2.6365,1m 21s (- 6m 49s) (5000 16%) avg loss: 1.4247
avg bleu: 0.5096,avg bleu: 0.3692,avg bleu: 0.3497,avg bleu: 0.4250
running acc: 0.0060,running acc: 0.0000,running acc: 0.0000,running acc: 0.0000
ind acc avg: 0.4307,ind acc avg: 0.1892,ind acc avg: 0.1024,ind acc avg: 0.2918
1m 29s (- 6m 40s) (5500 18%) avg loss: 0.9955,1m 48s (- 8m 2s) (5500 18%) avg loss: 1.8566,4m 58s (- 22m 10s) (5500 18%) avg loss: 2.6675,1m 30s (- 6m 42s) (5500 18%) avg loss: 1.4245
avg bleu: 0.5422,avg bleu: 0.3830,avg bleu: 0.3537,avg bleu: 0.4186
running acc: 0.0120,running acc: 0.0000,running acc: 0.0000,running acc: 0.0000
ind acc avg: 0.4817,ind acc avg: 0.1954,ind acc avg: 0.1013,ind acc avg: 0.2855
1m 37s (- 6m 28s) (6000 20%) avg loss: 1.0082,1m 58s (- 7m 54s) (6000 20%) avg loss: 1.9377,5m 27s (- 21m 51s) (6000 20%) avg loss: 2.7219,1m 38s (- 6m 35s) (6000 20%) avg loss: 1.3807
avg bleu: 0.5381,avg bleu: 0.3739,avg bleu: 0.3583,avg bleu: 0.4300
running acc: 0.0040,running acc: 0.0000,running acc: 0.0000,running acc: 0.0000
ind acc avg: 0.4593,ind acc avg: 0.1896,ind acc avg: 0.0920,ind acc avg: 0.3073
1m 45s (- 6m 21s) (6500 21%) avg loss: 0.9438,2m 8s (- 7m 45s) (6500 21%) avg loss: 2.2595,5m 58s (- 21m 37s) (6500 21%) avg loss: 2.7326,1m 47s (- 6m 28s) (6500 21%) avg loss: 1.4166
avg bleu: 0.5631,avg bleu: 0.3690,avg bleu: 0.3596,avg bleu: 0.4153
running acc: 0.0100,running acc: 0.0000,running acc: 0.0000,running acc: 0.0000
ind acc avg: 0.4937,ind acc avg: 0.1592,ind acc avg: 0.0977,ind acc avg: 0.2920
1m 53s (- 6m 13s) (7000 23%) avg loss: 0.8652,2m 18s (- 7m 36s) (7000 23%) avg loss: 2.1621,6m 31s (- 21m 26s) (7000 23%) avg loss: 2.7912,1m 56s (- 6m 21s) (7000 23%) avg loss: 1.3657
avg bleu: 0.5823,avg bleu: 0.3859,avg bleu: 0.3574,avg bleu: 0.4205
running acc: 0.0240,running acc: 0.0000,running acc: 0.0000,running acc: 0.0000
ind acc avg: 0.5350,ind acc avg: 0.1690,ind acc avg: 0.0931,ind acc avg: 0.3090
2m 1s (- 6m 4s) (7500 25%) avg loss: 0.9068,2m 29s (- 7m 27s) (7500 25%) avg loss: 2.2173,6m 57s (- 20m 52s) (7500 25%) avg loss: 2.7722,2m 4s (- 6m 13s) (7500 25%) avg loss: 1.3563
avg bleu: 0.5573,avg bleu: 0.3830,avg bleu: 0.3627,avg bleu: 0.4186
running acc: 0.0040,running acc: 0.0000,running acc: 0.0000,running acc: 0.0000
ind acc avg: 0.4993,ind acc avg: 0.1614,ind acc avg: 0.0974,ind acc avg: 0.2983
2m 8s (- 5m 54s) (8000 26%) avg loss: 0.8520,2m 39s (- 7m 17s) (8000 26%) avg loss: 2.1441,7m 17s (- 20m 2s) (8000 26%) avg loss: 2.7949,2m 13s (- 6m 6s) (8000 26%) avg loss: 1.3918
avg bleu: 0.5993,avg bleu: 0.3705,avg bleu: 0.3735,avg bleu: 0.4345
running acc: 0.0140,running acc: 0.0000,running acc: 0.0000,running acc: 0.0000
ind acc avg: 0.5430,ind acc avg: 0.1742,ind acc avg: 0.0977,ind acc avg: 0.3033
2m 15s (- 5m 43s) (8500 28%) avg loss: 0.8434,2m 49s (- 7m 8s) (8500 28%) avg loss: 2.1487,7m 37s (- 19m 18s) (8500 28%) avg loss: 2.8654,2m 21s (- 5m 58s) (8500 28%) avg loss: 1.4592
avg bleu: 0.6033,avg bleu: 0.3619,avg bleu: 0.3499,avg bleu: 0.4350
running acc: 0.0180,running acc: 0.0000,running acc: 0.0000,running acc: 0.0000
ind acc avg: 0.5507,ind acc avg: 0.1604,ind acc avg: 0.1026,ind acc avg: 0.3073
2m 25s (- 5m 38s) (9000 30%) avg loss: 0.8913,2m 59s (- 6m 59s) (9000 30%) avg loss: 2.1358,7m 57s (- 18m 34s) (9000 30%) avg loss: 2.8828,2m 30s (- 5m 50s) (9000 30%) avg loss: 1.3777
avg bleu: 0.5919,avg bleu: 0.3886,avg bleu: 0.3575,avg bleu: 0.4436
running acc: 0.0200,running acc: 0.0000,running acc: 0.0000,running acc: 0.0000
ind acc avg: 0.5337,ind acc avg: 0.1794,ind acc avg: 0.0960,ind acc avg: 0.3215
2m 34s (- 5m 32s) (9500 31%) avg loss: 0.8362,3m 9s (- 6m 49s) (9500 31%) avg loss: 2.1551,8m 17s (- 17m 54s) (9500 31%) avg loss: 2.8346,2m 38s (- 5m 42s) (9500 31%) avg loss: 1.4086
avg bleu: 0.6183,avg bleu: 0.3764,avg bleu: 0.3722,avg bleu: 0.4377
running acc: 0.0140,running acc: 0.0000,running acc: 0.0000,running acc: 0.0000
ind acc avg: 0.5477,ind acc avg: 0.1690,ind acc avg: 0.0984,ind acc avg: 0.3182
2m 42s (- 5m 25s) (10000 33%) avg loss: 0.8159,3m 19s (- 6m 39s) (10000 33%) avg loss: 2.1543,8m 37s (- 17m 15s) (10000 33%) avg loss: 2.8663,2m 47s (- 5m 34s) (10000 33%) avg loss: 1.4786
avg bleu: 0.6095,avg bleu: 0.3688,avg bleu: 0.3784,avg bleu: 0.4309
running acc: 0.0140,running acc: 0.0000,running acc: 0.0000,running acc: 0.0000
ind acc avg: 0.5467,ind acc avg: 0.1688,ind acc avg: 0.0985,ind acc avg: 0.2960
2m 51s (- 5m 19s) (10500 35%) avg loss: 0.8148,3m 30s (- 6m 30s) (10500 35%) avg loss: 2.1278,8m 57s (- 16m 38s) (10500 35%) avg loss: 2.9087,2m 56s (- 5m 27s) (10500 35%) avg loss: 1.3514
avg bleu: 0.6108,avg bleu: 0.3535,avg bleu: 0.3708,avg bleu: 0.4399
running acc: 0.0180,running acc: 0.0000,running acc: 0.0000,running acc: 0.0000
ind acc avg: 0.5563,ind acc avg: 0.1696,ind acc avg: 0.1006,ind acc avg: 0.3170
3m 0s (- 5m 12s) (11000 36%) avg loss: 0.8061,3m 40s (- 6m 21s) (11000 36%) avg loss: 2.1135,9m 18s (- 16m 4s) (11000 36%) avg loss: 2.9674,3m 5s (- 5m 19s) (11000 36%) avg loss: 1.4760
avg bleu: 0.6308,avg bleu: 0.3597,avg bleu: 0.3563,avg bleu: 0.4328
running acc: 0.0120,running acc: 0.0000,running acc: 0.0000,running acc: 0.0000
ind acc avg: 0.5653,ind acc avg: 0.1718,ind acc avg: 0.1046,ind acc avg: 0.3060
3m 9s (- 5m 4s) (11500 38%) avg loss: 0.8308,3m 52s (- 6m 13s) (11500 38%) avg loss: 2.1024,9m 38s (- 15m 30s) (11500 38%) avg loss: 2.9817,3m 13s (- 5m 11s) (11500 38%) avg loss: 1.3838
avg bleu: 0.6205,avg bleu: 0.3710,avg bleu: 0.3636,avg bleu: 0.4349
running acc: 0.0220,running acc: 0.0000,running acc: 0.0000,running acc: 0.0000
ind acc avg: 0.5593,ind acc avg: 0.1700,ind acc avg: 0.0979,ind acc avg: 0.3120
3m 18s (- 4m 57s) (12000 40%) avg loss: 0.8377,4m 2s (- 6m 3s) (12000 40%) avg loss: 2.1002,9m 58s (- 14m 57s) (12000 40%) avg loss: 2.9495,3m 22s (- 5m 3s) (12000 40%) avg loss: 1.4657
avg bleu: 0.6239,avg bleu: 0.3649,avg bleu: 0.3654,avg bleu: 0.4358
running acc: 0.0220,running acc: 0.0000,running acc: 0.0000,running acc: 0.0000
ind acc avg: 0.5650,ind acc avg: 0.1714,ind acc avg: 0.0986,ind acc avg: 0.3038
3m 27s (- 4m 50s) (12500 41%) avg loss: 0.8042,4m 12s (- 5m 53s) (12500 41%) avg loss: 2.1073,10m 18s (- 14m 25s) (12500 41%) avg loss: 3.0040,3m 30s (- 4m 55s) (12500 41%) avg loss: 1.4086
avg bleu: 0.6163,avg bleu: 0.3729,avg bleu: 0.3478,avg bleu: 0.4443
running acc: 0.0160,running acc: 0.0000,running acc: 0.0000,running acc: 0.0000
ind acc avg: 0.5610,ind acc avg: 0.1706,ind acc avg: 0.0946,ind acc avg: 0.3162
3m 36s (- 4m 43s) (13000 43%) avg loss: 0.7864,4m 22s (- 5m 43s) (13000 43%) avg loss: 2.1138,10m 39s (- 13m 55s) (13000 43%) avg loss: 2.9974,3m 39s (- 4m 47s) (13000 43%) avg loss: 1.3925
avg bleu: 0.6325,avg bleu: 0.3811,avg bleu: 0.3545,avg bleu: 0.4442
running acc: 0.0220,running acc: 0.0000,running acc: 0.0000,running acc: 0.0000
ind acc avg: 0.5897,ind acc avg: 0.1704,ind acc avg: 0.1018,ind acc avg: 0.3170
3m 45s (- 4m 35s) (13500 45%) avg loss: 0.7970,4m 33s (- 5m 33s) (13500 45%) avg loss: 2.0972,11m 0s (- 13m 27s) (13500 45%) avg loss: 3.0297,3m 48s (- 4m 38s) (13500 45%) avg loss: 1.3540
avg bleu: 0.6326,avg bleu: 0.3651,avg bleu: 0.3666,avg bleu: 0.4510
running acc: 0.0280,running acc: 0.0000,running acc: 0.0000,running acc: 0.0000
ind acc avg: 0.5850,ind acc avg: 0.1670,ind acc avg: 0.1017,ind acc avg: 0.3277
3m 54s (- 4m 28s) (14000 46%) avg loss: 0.8093,4m 43s (- 5m 23s) (14000 46%) avg loss: 2.0892,11m 20s (- 12m 58s) (14000 46%) avg loss: 3.0209,3m 56s (- 4m 30s) (14000 46%) avg loss: 1.3750
avg bleu: 0.6343,avg bleu: 0.3678,avg bleu: 0.3666,avg bleu: 0.4517
running acc: 0.0220,running acc: 0.0000,running acc: 0.0000,running acc: 0.0000
ind acc avg: 0.5783,ind acc avg: 0.1734,ind acc avg: 0.1015,ind acc avg: 0.3330
4m 4s (- 4m 21s) (14500 48%) avg loss: 0.8581,4m 53s (- 5m 13s) (14500 48%) avg loss: 2.1022,11m 42s (- 12m 30s) (14500 48%) avg loss: 3.1199,4m 5s (- 4m 22s) (14500 48%) avg loss: 1.3710
avg bleu: 0.6191,avg bleu: 0.3623,avg bleu: 0.3500,avg bleu: 0.4426
running acc: 0.0100,running acc: 0.0000,running acc: 0.0000,running acc: 0.0000
ind acc avg: 0.5593,ind acc avg: 0.1626,ind acc avg: 0.1107,ind acc avg: 0.3240
4m 11s (- 4m 11s) (15000 50%) avg loss: 0.8318,5m 3s (- 5m 3s) (15000 50%) avg loss: 2.0677,12m 3s (- 12m 3s) (15000 50%) avg loss: 3.0485,4m 14s (- 4m 14s) (15000 50%) avg loss: 1.4017
avg bleu: 0.6378,avg bleu: 0.3797,avg bleu: 0.3744,avg bleu: 0.4387
running acc: 0.0180,running acc: 0.0000,running acc: 0.0000,running acc: 0.0000
ind acc avg: 0.5860,ind acc avg: 0.1678,ind acc avg: 0.1246,ind acc avg: 0.3080
4m 18s (- 4m 2s) (15500 51%) avg loss: 0.8223,5m 15s (- 4m 55s) (15500 51%) avg loss: 2.0189,12m 24s (- 11m 36s) (15500 51%) avg loss: 2.9970,4m 22s (- 4m 5s) (15500 51%) avg loss: 1.3393
avg bleu: 0.6319,avg bleu: 0.3899,avg bleu: 0.3795,avg bleu: 0.4607
running acc: 0.0100,running acc: 0.0000,running acc: 0.0000,running acc: 0.0000
ind acc avg: 0.5717,ind acc avg: 0.1666,ind acc avg: 0.1257,ind acc avg: 0.3417
4m 25s (- 3m 52s) (16000 53%) avg loss: 0.7684,5m 25s (- 4m 44s) (16000 53%) avg loss: 1.9898,12m 45s (- 11m 10s) (16000 53%) avg loss: 3.0248,4m 31s (- 3m 57s) (16000 53%) avg loss: 1.3774
avg bleu: 0.6558,avg bleu: 0.3960,avg bleu: 0.3744,avg bleu: 0.4508
running acc: 0.0200,running acc: 0.0000,running acc: 0.0000,running acc: 0.0000
ind acc avg: 0.6017,ind acc avg: 0.1784,ind acc avg: 0.1248,ind acc avg: 0.3202
4m 33s (- 3m 43s) (16500 55%) avg loss: 0.7729,5m 36s (- 4m 35s) (16500 55%) avg loss: 1.9767,13m 6s (- 10m 43s) (16500 55%) avg loss: 2.9846,4m 39s (- 3m 48s) (16500 55%) avg loss: 1.3860
avg bleu: 0.6515,avg bleu: 0.3913,avg bleu: 0.3839,avg bleu: 0.4420
running acc: 0.0220,running acc: 0.0000,running acc: 0.0000,running acc: 0.0000
ind acc avg: 0.5983,ind acc avg: 0.1800,ind acc avg: 0.1331,ind acc avg: 0.3202
4m 41s (- 3m 35s) (17000 56%) avg loss: 0.8298,5m 48s (- 4m 26s) (17000 56%) avg loss: 1.9755,13m 27s (- 10m 17s) (17000 56%) avg loss: 3.0199,4m 48s (- 3m 40s) (17000 56%) avg loss: 1.4132
avg bleu: 0.6399,avg bleu: 0.3942,avg bleu: 0.3793,avg bleu: 0.4372
running acc: 0.0140,running acc: 0.0000,running acc: 0.0000,running acc: 0.0000
ind acc avg: 0.5713,ind acc avg: 0.1794,ind acc avg: 0.1246,ind acc avg: 0.3180
4m 50s (- 3m 27s) (17500 58%) avg loss: 0.8384,5m 58s (- 4m 16s) (17500 58%) avg loss: 1.9840,13m 48s (- 9m 52s) (17500 58%) avg loss: 3.0249,4m 57s (- 3m 32s) (17500 58%) avg loss: 1.4906
avg bleu: 0.6327,avg bleu: 0.3941,avg bleu: 0.3737,avg bleu: 0.4451
running acc: 0.0160,running acc: 0.0000,running acc: 0.0000,running acc: 0.0000
ind acc avg: 0.5733,ind acc avg: 0.1842,ind acc avg: 0.1347,ind acc avg: 0.3100
4m 58s (- 3m 19s) (18000 60%) avg loss: 0.7788,6m 8s (- 4m 5s) (18000 60%) avg loss: 1.9616,14m 9s (- 9m 26s) (18000 60%) avg loss: 3.0204,5m 5s (- 3m 23s) (18000 60%) avg loss: 1.4307
avg bleu: 0.6553,avg bleu: 0.4056,avg bleu: 0.3709,avg bleu: 0.4516
running acc: 0.0360,running acc: 0.0000,running acc: 0.0000,running acc: 0.0000
ind acc avg: 0.6033,ind acc avg: 0.1830,ind acc avg: 0.1264,ind acc avg: 0.3262
5m 6s (- 3m 10s) (18500 61%) avg loss: 0.8340,6m 19s (- 3m 55s) (18500 61%) avg loss: 1.9424,14m 30s (- 9m 0s) (18500 61%) avg loss: 3.1722,5m 14s (- 3m 15s) (18500 61%) avg loss: 1.4416
avg bleu: 0.6394,avg bleu: 0.3942,avg bleu: 0.3576,avg bleu: 0.4536
running acc: 0.0120,running acc: 0.0000,running acc: 0.0000,running acc: 0.0000
ind acc avg: 0.5783,ind acc avg: 0.1860,ind acc avg: 0.0998,ind acc avg: 0.3220
5m 13s (- 3m 1s) (19000 63%) avg loss: 0.8035,6m 29s (- 3m 45s) (19000 63%) avg loss: 1.9646,14m 50s (- 8m 35s) (19000 63%) avg loss: 3.1517,5m 23s (- 3m 7s) (19000 63%) avg loss: 1.4654
avg bleu: 0.6516,avg bleu: 0.3980,avg bleu: 0.3518,avg bleu: 0.4595
running acc: 0.0260,running acc: 0.0000,running acc: 0.0000,running acc: 0.0000
ind acc avg: 0.5940,ind acc avg: 0.1864,ind acc avg: 0.0988,ind acc avg: 0.3187
5m 20s (- 2m 52s) (19500 65%) avg loss: 0.7859,6m 39s (- 3m 34s) (19500 65%) avg loss: 2.1309,15m 11s (- 8m 10s) (19500 65%) avg loss: 3.1561,5m 31s (- 2m 58s) (19500 65%) avg loss: 1.4188
avg bleu: 0.6625,avg bleu: 0.3826,avg bleu: 0.3513,avg bleu: 0.4544
running acc: 0.0220,running acc: 0.0000,running acc: 0.0000,running acc: 0.0000
ind acc avg: 0.6007,ind acc avg: 0.1808,ind acc avg: 0.0945,ind acc avg: 0.3250
5m 29s (- 2m 44s) (20000 66%) avg loss: 0.7828,6m 49s (- 3m 24s) (20000 66%) avg loss: 2.0781,15m 31s (- 7m 45s) (20000 66%) avg loss: 3.1566,5m 40s (- 2m 50s) (20000 66%) avg loss: 1.4573
avg bleu: 0.6633,avg bleu: 0.3955,avg bleu: 0.3432,avg bleu: 0.4571
running acc: 0.0180,running acc: 0.0000,running acc: 0.0000,running acc: 0.0000
ind acc avg: 0.6050,ind acc avg: 0.1768,ind acc avg: 0.1004,ind acc avg: 0.3247
5m 38s (- 2m 37s) (20500 68%) avg loss: 0.7932,6m 59s (- 3m 14s) (20500 68%) avg loss: 2.0954,15m 51s (- 7m 21s) (20500 68%) avg loss: 3.2066,5m 48s (- 2m 41s) (20500 68%) avg loss: 1.4898
avg bleu: 0.6579,avg bleu: 0.3862,avg bleu: 0.3498,avg bleu: 0.4369
running acc: 0.0180,running acc: 0.0000,running acc: 0.0000,running acc: 0.0020
ind acc avg: 0.6033,ind acc avg: 0.1758,ind acc avg: 0.0901,ind acc avg: 0.3232
5m 46s (- 2m 28s) (21000 70%) avg loss: 0.7605,7m 9s (- 3m 4s) (21000 70%) avg loss: 2.0535,16m 12s (- 6m 56s) (21000 70%) avg loss: 3.1615,5m 57s (- 2m 33s) (21000 70%) avg loss: 1.4357
avg bleu: 0.6627,avg bleu: 0.3815,avg bleu: 0.3509,avg bleu: 0.4716
running acc: 0.0220,running acc: 0.0000,running acc: 0.0000,running acc: 0.0000
ind acc avg: 0.6190,ind acc avg: 0.1756,ind acc avg: 0.0973,ind acc avg: 0.3425
5m 53s (- 2m 19s) (21500 71%) avg loss: 0.7687,7m 19s (- 2m 53s) (21500 71%) avg loss: 2.0491,16m 31s (- 6m 32s) (21500 71%) avg loss: 3.1260,6m 6s (- 2m 24s) (21500 71%) avg loss: 1.4862
avg bleu: 0.6611,avg bleu: 0.3778,avg bleu: 0.3615,avg bleu: 0.4607
running acc: 0.0080,running acc: 0.0000,running acc: 0.0000,running acc: 0.0000
ind acc avg: 0.5927,ind acc avg: 0.1692,ind acc avg: 0.0867,ind acc avg: 0.3335
6m 1s (- 2m 11s) (22000 73%) avg loss: 0.7645,7m 30s (- 2m 43s) (22000 73%) avg loss: 2.0282,16m 52s (- 6m 8s) (22000 73%) avg loss: 3.1378,6m 14s (- 2m 16s) (22000 73%) avg loss: 1.4449
avg bleu: 0.6711,avg bleu: 0.3890,avg bleu: 0.3513,avg bleu: 0.4677
running acc: 0.0380,running acc: 0.0000,running acc: 0.0000,running acc: 0.0000
ind acc avg: 0.6170,ind acc avg: 0.1800,ind acc avg: 0.0939,ind acc avg: 0.3440
6m 9s (- 2m 3s) (22500 75%) avg loss: 0.8365,7m 40s (- 2m 33s) (22500 75%) avg loss: 1.9631,17m 12s (- 5m 44s) (22500 75%) avg loss: 3.1325,6m 23s (- 2m 7s) (22500 75%) avg loss: 1.4776
avg bleu: 0.6471,avg bleu: 0.3962,avg bleu: 0.3574,avg bleu: 0.4717
running acc: 0.0220,running acc: 0.0000,running acc: 0.0000,running acc: 0.0000
ind acc avg: 0.5967,ind acc avg: 0.1858,ind acc avg: 0.1021,ind acc avg: 0.3267
6m 17s (- 1m 54s) (23000 76%) avg loss: 0.8372,7m 50s (- 2m 23s) (23000 76%) avg loss: 1.9748,17m 32s (- 5m 20s) (23000 76%) avg loss: 3.2014,6m 31s (- 1m 59s) (23000 76%) avg loss: 1.4882
avg bleu: 0.6518,avg bleu: 0.3949,avg bleu: 0.3386,avg bleu: 0.4598
running acc: 0.0220,running acc: 0.0000,running acc: 0.0000,running acc: 0.0000
ind acc avg: 0.5963,ind acc avg: 0.1850,ind acc avg: 0.0964,ind acc avg: 0.3250
6m 25s (- 1m 46s) (23500 78%) avg loss: 0.7779,8m 0s (- 2m 12s) (23500 78%) avg loss: 1.9692,17m 52s (- 4m 56s) (23500 78%) avg loss: 3.2685,6m 40s (- 1m 50s) (23500 78%) avg loss: 1.7128
avg bleu: 0.6623,avg bleu: 0.3771,avg bleu: 0.3276,avg bleu: 0.4449
running acc: 0.0220,running acc: 0.0000,running acc: 0.0000,running acc: 0.0000
ind acc avg: 0.6023,ind acc avg: 0.1862,ind acc avg: 0.0918,ind acc avg: 0.3000
6m 34s (- 1m 38s) (24000 80%) avg loss: 0.7821,8m 10s (- 2m 2s) (24000 80%) avg loss: 1.9787,18m 12s (- 4m 33s) (24000 80%) avg loss: 3.3230,6m 48s (- 1m 42s) (24000 80%) avg loss: 1.6446
avg bleu: 0.6670,avg bleu: 0.3814,avg bleu: 0.3443,avg bleu: 0.4367
running acc: 0.0180,running acc: 0.0000,running acc: 0.0000,running acc: 0.0000
ind acc avg: 0.6127,ind acc avg: 0.1844,ind acc avg: 0.0867,ind acc avg: 0.3070
6m 43s (- 1m 30s) (24500 81%) avg loss: 0.8522,8m 21s (- 1m 52s) (24500 81%) avg loss: 1.9401,18m 31s (- 4m 9s) (24500 81%) avg loss: 3.2643,6m 57s (- 1m 33s) (24500 81%) avg loss: 1.6565
avg bleu: 0.6480,avg bleu: 0.3975,avg bleu: 0.3423,avg bleu: 0.4443
running acc: 0.0160,running acc: 0.0000,running acc: 0.0000,running acc: 0.0000
ind acc avg: 0.5877,ind acc avg: 0.1926,ind acc avg: 0.0883,ind acc avg: 0.3010
6m 51s (- 1m 22s) (25000 83%) avg loss: 0.8682,8m 31s (- 1m 42s) (25000 83%) avg loss: 1.9672,18m 51s (- 3m 46s) (25000 83%) avg loss: 3.3649,7m 6s (- 1m 25s) (25000 83%) avg loss: 1.7215
avg bleu: 0.6561,avg bleu: 0.3974,avg bleu: 0.3410,avg bleu: 0.4371
running acc: 0.0120,running acc: 0.0000,running acc: 0.0000,running acc: 0.0000
ind acc avg: 0.5820,ind acc avg: 0.1786,ind acc avg: 0.0863,ind acc avg: 0.2883
7m 0s (- 1m 14s) (25500 85%) avg loss: 0.7847,8m 41s (- 1m 31s) (25500 85%) avg loss: 1.9493,19m 11s (- 3m 23s) (25500 85%) avg loss: 3.6183,7m 14s (- 1m 16s) (25500 85%) avg loss: 1.6849
avg bleu: 0.6592,avg bleu: 0.3934,avg bleu: 0.3189,avg bleu: 0.4520
running acc: 0.0220,running acc: 0.0000,running acc: 0.0000,running acc: 0.0000
ind acc avg: 0.6107,ind acc avg: 0.1914,ind acc avg: 0.0833,ind acc avg: 0.3127
7m 10s (- 1m 6s) (26000 86%) avg loss: 0.8517,8m 51s (- 1m 21s) (26000 86%) avg loss: 1.9442,19m 31s (- 3m 0s) (26000 86%) avg loss: 3.4499,7m 23s (- 1m 8s) (26000 86%) avg loss: 1.6400
avg bleu: 0.6589,avg bleu: 0.3873,avg bleu: 0.3565,avg bleu: 0.4609
running acc: 0.0120,running acc: 0.0000,running acc: 0.0000,running acc: 0.0000
ind acc avg: 0.5983,ind acc avg: 0.1864,ind acc avg: 0.0885,ind acc avg: 0.3162
7m 17s (- 0m 57s) (26500 88%) avg loss: 0.7740,9m 1s (- 1m 11s) (26500 88%) avg loss: 2.0861,19m 51s (- 2m 37s) (26500 88%) avg loss: 3.2690,7m 31s (- 0m 59s) (26500 88%) avg loss: 1.6849
avg bleu: 0.6731,avg bleu: 0.3912,avg bleu: 0.3610,avg bleu: 0.4560
running acc: 0.0240,running acc: 0.0000,running acc: 0.0000,running acc: 0.0000
ind acc avg: 0.6177,ind acc avg: 0.1740,ind acc avg: 0.0883,ind acc avg: 0.3202
7m 27s (- 0m 49s) (27000 90%) avg loss: 0.7928,9m 11s (- 1m 1s) (27000 90%) avg loss: 2.0792,20m 11s (- 2m 14s) (27000 90%) avg loss: 3.2935,7m 40s (- 0m 51s) (27000 90%) avg loss: 1.6928
avg bleu: 0.6676,avg bleu: 0.4044,avg bleu: 0.3698,avg bleu: 0.4487
running acc: 0.0220,running acc: 0.0000,running acc: 0.0000,running acc: 0.0000
ind acc avg: 0.6120,ind acc avg: 0.1772,ind acc avg: 0.0844,ind acc avg: 0.3120
0m 9s (- 9m 7s) (500 1%) avg loss: 0.8348,0m 10s (- 10m 27s) (500 1%) avg loss: 1.9890,0m 22s (- 22m 8s) (500 1%) avg loss: 3.1735,0m 8s (- 8m 44s) (500 1%) avg loss: 1.7420
avg bleu: 0.6522,avg bleu: 0.3967,avg bleu: 0.3727,avg bleu: 0.4524
running acc: 0.0200,running acc: 0.0000,running acc: 0.0000,running acc: 0.0000
ind acc avg: 0.6007,ind acc avg: 0.1832,ind acc avg: 0.0870,ind acc avg: 0.2988
0m 18s (- 8m 57s) (1000 3%) avg loss: 0.8211,0m 20s (- 10m 7s) (1000 3%) avg loss: 2.0151,0m 43s (- 21m 3s) (1000 3%) avg loss: 3.1275,0m 17s (- 8m 24s) (1000 3%) avg loss: 1.7149
avg bleu: 0.6637,avg bleu: 0.3915,avg bleu: 0.3663,avg bleu: 0.4555
running acc: 0.0180,running acc: 0.0000,running acc: 0.0000,running acc: 0.0000
ind acc avg: 0.6007,ind acc avg: 0.1774,ind acc avg: 0.0857,ind acc avg: 0.3045
0m 26s (- 8m 24s) (1500 5%) avg loss: 0.8264,0m 31s (- 9m 55s) (1500 5%) avg loss: 1.9980,1m 6s (- 20m 57s) (1500 5%) avg loss: 3.2273,0m 25s (- 8m 11s) (1500 5%) avg loss: 1.7199
avg bleu: 0.6563,avg bleu: 0.3942,avg bleu: 0.3537,avg bleu: 0.4550
running acc: 0.0140,running acc: 0.0000,running acc: 0.0000,running acc: 0.0000
ind acc avg: 0.6003,ind acc avg: 0.1698,ind acc avg: 0.0803,ind acc avg: 0.3108
0m 34s (- 8m 0s) (2000 6%) avg loss: 0.9241,0m 41s (- 9m 42s) (2000 6%) avg loss: 1.9791,1m 26s (- 20m 12s) (2000 6%) avg loss: 3.3231,0m 34s (- 8m 0s) (2000 6%) avg loss: 1.7600
avg bleu: 0.6228,avg bleu: 0.3924,avg bleu: 0.3392,avg bleu: 0.4434
running acc: 0.0200,running acc: 0.0000,running acc: 0.0000,running acc: 0.0000
ind acc avg: 0.5643,ind acc avg: 0.1738,ind acc avg: 0.0876,ind acc avg: 0.2945
0m 41s (- 7m 38s) (2500 8%) avg loss: 0.8263,0m 51s (- 9m 31s) (2500 8%) avg loss: 1.9482,1m 45s (- 19m 23s) (2500 8%) avg loss: 3.2614,0m 42s (- 7m 50s) (2500 8%) avg loss: 1.7905
avg bleu: 0.6611,avg bleu: 0.3932,avg bleu: 0.3505,avg bleu: 0.4308
running acc: 0.0100,running acc: 0.0000,running acc: 0.0000,running acc: 0.0000
ind acc avg: 0.5977,ind acc avg: 0.1784,ind acc avg: 0.0842,ind acc avg: 0.2762
0m 48s (- 7m 16s) (3000 10%) avg loss: 0.8731,1m 2s (- 9m 20s) (3000 10%) avg loss: 1.9424,2m 5s (- 18m 49s) (3000 10%) avg loss: 3.3260,0m 51s (- 7m 39s) (3000 10%) avg loss: 1.9436
avg bleu: 0.6598,avg bleu: 0.3853,avg bleu: 0.3482,avg bleu: 0.4387
running acc: 0.0160,running acc: 0.0000,running acc: 0.0000,running acc: 0.0000
ind acc avg: 0.5897,ind acc avg: 0.1880,ind acc avg: 0.0910,ind acc avg: 0.2840
0m 55s (- 7m 0s) (3500 11%) avg loss: 0.8790,1m 12s (- 9m 9s) (3500 11%) avg loss: 1.9543,2m 25s (- 18m 19s) (3500 11%) avg loss: 3.2899,0m 59s (- 7m 30s) (3500 11%) avg loss: 2.0132
avg bleu: 0.6507,avg bleu: 0.3822,avg bleu: 0.3437,avg bleu: 0.4293
running acc: 0.0200,running acc: 0.0000,running acc: 0.0000,running acc: 0.0000
ind acc avg: 0.5767,ind acc avg: 0.1796,ind acc avg: 0.0844,ind acc avg: 0.2655
1m 2s (- 6m 46s) (4000 13%) avg loss: 0.8657,1m 23s (- 8m 59s) (4000 13%) avg loss: 1.9412,2m 46s (- 17m 59s) (4000 13%) avg loss: 3.2885,1m 8s (- 7m 24s) (4000 13%) avg loss: 1.9869
avg bleu: 0.6555,avg bleu: 0.3849,avg bleu: 0.3513,avg bleu: 0.4271
running acc: 0.0160,running acc: 0.0000,running acc: 0.0000,running acc: 0.0000
ind acc avg: 0.5930,ind acc avg: 0.1824,ind acc avg: 0.0879,ind acc avg: 0.2590
1m 9s (- 6m 35s) (4500 15%) avg loss: 0.8390,1m 33s (- 8m 48s) (4500 15%) avg loss: 2.0007,3m 6s (- 17m 34s) (4500 15%) avg loss: 3.3085,1m 16s (- 7m 15s) (4500 15%) avg loss: 1.9965
avg bleu: 0.6627,avg bleu: 0.3914,avg bleu: 0.3488,avg bleu: 0.4239
running acc: 0.0120,running acc: 0.0000,running acc: 0.0000,running acc: 0.0000
ind acc avg: 0.5893,ind acc avg: 0.1814,ind acc avg: 0.0846,ind acc avg: 0.2612
1m 17s (- 6m 27s) (5000 16%) avg loss: 0.8640,1m 43s (- 8m 37s) (5000 16%) avg loss: 1.9505,3m 26s (- 17m 11s) (5000 16%) avg loss: 3.3454,1m 25s (- 7m 6s) (5000 16%) avg loss: 1.9766
avg bleu: 0.6526,avg bleu: 0.4049,avg bleu: 0.3502,avg bleu: 0.4256
running acc: 0.0220,running acc: 0.0000,running acc: 0.0000,running acc: 0.0000
ind acc avg: 0.5907,ind acc avg: 0.1820,ind acc avg: 0.0935,ind acc avg: 0.2650
1m 25s (- 6m 19s) (5500 18%) avg loss: 0.8535,1m 53s (- 8m 26s) (5500 18%) avg loss: 2.3000,3m 48s (- 16m 57s) (5500 18%) avg loss: 3.2107,1m 33s (- 6m 57s) (5500 18%) avg loss: 1.9709
avg bleu: 0.6461,avg bleu: 0.3872,avg bleu: 0.3548,avg bleu: 0.4082
running acc: 0.0200,running acc: 0.0000,running acc: 0.0000,running acc: 0.0000
ind acc avg: 0.5877,ind acc avg: 0.1626,ind acc avg: 0.0823,ind acc avg: 0.2585
1m 33s (- 6m 12s) (6000 20%) avg loss: 0.8886,2m 4s (- 8m 16s) (6000 20%) avg loss: 2.0837,4m 10s (- 16m 40s) (6000 20%) avg loss: 3.3136,1m 42s (- 6m 48s) (6000 20%) avg loss: 1.9392
avg bleu: 0.6519,avg bleu: 0.4131,avg bleu: 0.3564,avg bleu: 0.4271
running acc: 0.0140,running acc: 0.0000,running acc: 0.0000,running acc: 0.0000
ind acc avg: 0.5863,ind acc avg: 0.1772,ind acc avg: 0.0877,ind acc avg: 0.2647
1m 40s (- 6m 2s) (6500 21%) avg loss: 0.8928,2m 14s (- 8m 5s) (6500 21%) avg loss: 2.0181,4m 30s (- 16m 17s) (6500 21%) avg loss: 3.3980,1m 50s (- 6m 39s) (6500 21%) avg loss: 1.9510
avg bleu: 0.6421,avg bleu: 0.3974,avg bleu: 0.3358,avg bleu: 0.4244
running acc: 0.0160,running acc: 0.0000,running acc: 0.0000,running acc: 0.0000
ind acc avg: 0.5837,ind acc avg: 0.1734,ind acc avg: 0.0865,ind acc avg: 0.2570
1m 46s (- 5m 50s) (7000 23%) avg loss: 0.8486,2m 24s (- 7m 55s) (7000 23%) avg loss: 1.9373,4m 50s (- 15m 53s) (7000 23%) avg loss: 3.2699,1m 58s (- 6m 30s) (7000 23%) avg loss: 1.8984
avg bleu: 0.6537,avg bleu: 0.3970,avg bleu: 0.3506,avg bleu: 0.4349
running acc: 0.0120,running acc: 0.0000,running acc: 0.0000,running acc: 0.0000
ind acc avg: 0.5933,ind acc avg: 0.1926,ind acc avg: 0.0861,ind acc avg: 0.2727
1m 53s (- 5m 40s) (7500 25%) avg loss: 0.8979,2m 34s (- 7m 44s) (7500 25%) avg loss: 1.9295,5m 12s (- 15m 36s) (7500 25%) avg loss: 3.2179,2m 7s (- 6m 21s) (7500 25%) avg loss: 1.9349
avg bleu: 0.6420,avg bleu: 0.3965,avg bleu: 0.3506,avg bleu: 0.4151
running acc: 0.0200,running acc: 0.0000,running acc: 0.0000,running acc: 0.0000
ind acc avg: 0.5780,ind acc avg: 0.1854,ind acc avg: 0.0878,ind acc avg: 0.2652
2m 0s (- 5m 31s) (8000 26%) avg loss: 0.8769,2m 45s (- 7m 33s) (8000 26%) avg loss: 2.0406,5m 34s (- 15m 19s) (8000 26%) avg loss: 3.1902,2m 15s (- 6m 12s) (8000 26%) avg loss: 2.0595
avg bleu: 0.6562,avg bleu: 0.3914,avg bleu: 0.3627,avg bleu: 0.4245
running acc: 0.0180,running acc: 0.0000,running acc: 0.0000,running acc: 0.0000
ind acc avg: 0.5957,ind acc avg: 0.1800,ind acc avg: 0.0857,ind acc avg: 0.2507
2m 7s (- 5m 23s) (8500 28%) avg loss: 0.8942,2m 55s (- 7m 23s) (8500 28%) avg loss: 2.1784,5m 58s (- 15m 6s) (8500 28%) avg loss: 3.0946,2m 23s (- 6m 3s) (8500 28%) avg loss: 2.1224
avg bleu: 0.6446,avg bleu: 0.4057,avg bleu: 0.3764,avg bleu: 0.4061
running acc: 0.0100,running acc: 0.0000,running acc: 0.0000,running acc: 0.0000
ind acc avg: 0.5860,ind acc avg: 0.1776,ind acc avg: 0.0878,ind acc avg: 0.2365
2m 14s (- 5m 13s) (9000 30%) avg loss: 0.8357,3m 5s (- 7m 12s) (9000 30%) avg loss: 2.0131,6m 26s (- 15m 1s) (9000 30%) avg loss: 3.1668,2m 32s (- 5m 54s) (9000 30%) avg loss: 2.0463
avg bleu: 0.6507,avg bleu: 0.4024,avg bleu: 0.3723,avg bleu: 0.4128
running acc: 0.0180,running acc: 0.0000,running acc: 0.0000,running acc: 0.0000
ind acc avg: 0.5993,ind acc avg: 0.1886,ind acc avg: 0.0852,ind acc avg: 0.2497
2m 23s (- 5m 10s) (9500 31%) avg loss: 0.8330,3m 15s (- 7m 2s) (9500 31%) avg loss: 2.1810,6m 56s (- 14m 58s) (9500 31%) avg loss: 3.1635,2m 40s (- 5m 45s) (9500 31%) avg loss: 2.0569
avg bleu: 0.6575,avg bleu: 0.3950,avg bleu: 0.3646,avg bleu: 0.4035
running acc: 0.0120,running acc: 0.0000,running acc: 0.0000,running acc: 0.0000
ind acc avg: 0.5983,ind acc avg: 0.1706,ind acc avg: 0.0862,ind acc avg: 0.2412
2m 32s (- 5m 4s) (10000 33%) avg loss: 0.8353,3m 25s (- 6m 51s) (10000 33%) avg loss: 2.0557,7m 21s (- 14m 42s) (10000 33%) avg loss: 3.1739,2m 48s (- 5m 37s) (10000 33%) avg loss: 2.0225
avg bleu: 0.6640,avg bleu: 0.4103,avg bleu: 0.3586,avg bleu: 0.4134
running acc: 0.0180,running acc: 0.0000,running acc: 0.0000,running acc: 0.0000
ind acc avg: 0.6000,ind acc avg: 0.1822,ind acc avg: 0.0919,ind acc avg: 0.2470
2m 41s (- 4m 59s) (10500 35%) avg loss: 0.8304,3m 36s (- 6m 41s) (10500 35%) avg loss: 2.0416,7m 44s (- 14m 21s) (10500 35%) avg loss: 3.1147,2m 56s (- 5m 28s) (10500 35%) avg loss: 2.0215
avg bleu: 0.6622,avg bleu: 0.4034,avg bleu: 0.3702,avg bleu: 0.4108
running acc: 0.0260,running acc: 0.0000,running acc: 0.0000,running acc: 0.0000
ind acc avg: 0.6030,ind acc avg: 0.1874,ind acc avg: 0.0845,ind acc avg: 0.2550
2m 49s (- 4m 53s) (11000 36%) avg loss: 0.7988,3m 46s (- 6m 30s) (11000 36%) avg loss: 2.0080,8m 7s (- 14m 1s) (11000 36%) avg loss: 3.1680,3m 4s (- 5m 19s) (11000 36%) avg loss: 2.0879
avg bleu: 0.6705,avg bleu: 0.3917,avg bleu: 0.3585,avg bleu: 0.4194
running acc: 0.0360,running acc: 0.0000,running acc: 0.0000,running acc: 0.0000
ind acc avg: 0.6177,ind acc avg: 0.1848,ind acc avg: 0.0855,ind acc avg: 0.2420
2m 58s (- 4m 47s) (11500 38%) avg loss: 0.8470,3m 56s (- 6m 20s) (11500 38%) avg loss: 2.0035,8m 32s (- 13m 43s) (11500 38%) avg loss: 3.2905,3m 13s (- 5m 10s) (11500 38%) avg loss: 2.1352
avg bleu: 0.6637,avg bleu: 0.4039,avg bleu: 0.3619,avg bleu: 0.4192
running acc: 0.0180,running acc: 0.0000,running acc: 0.0000,running acc: 0.0000
ind acc avg: 0.6007,ind acc avg: 0.1774,ind acc avg: 0.0864,ind acc avg: 0.2313
3m 6s (- 4m 39s) (12000 40%) avg loss: 0.8921,4m 6s (- 6m 9s) (12000 40%) avg loss: 1.9846,8m 58s (- 13m 27s) (12000 40%) avg loss: 3.1914,3m 21s (- 5m 2s) (12000 40%) avg loss: 2.0797
avg bleu: 0.6529,avg bleu: 0.3843,avg bleu: 0.3645,avg bleu: 0.4208
running acc: 0.0240,running acc: 0.0000,running acc: 0.0000,running acc: 0.0000
ind acc avg: 0.5910,ind acc avg: 0.1816,ind acc avg: 0.0863,ind acc avg: 0.2517
3m 13s (- 4m 30s) (12500 41%) avg loss: 0.8874,4m 16s (- 5m 59s) (12500 41%) avg loss: 1.9972,9m 27s (- 13m 13s) (12500 41%) avg loss: 3.2125,3m 29s (- 4m 53s) (12500 41%) avg loss: 2.0920
avg bleu: 0.6503,avg bleu: 0.3886,avg bleu: 0.3610,avg bleu: 0.4110
running acc: 0.0220,running acc: 0.0000,running acc: 0.0000,running acc: 0.0000
ind acc avg: 0.5930,ind acc avg: 0.1794,ind acc avg: 0.0830,ind acc avg: 0.2432
3m 20s (- 4m 21s) (13000 43%) avg loss: 0.9386,4m 27s (- 5m 49s) (13000 43%) avg loss: 2.0870,9m 55s (- 12m 58s) (13000 43%) avg loss: 3.1958,3m 37s (- 4m 44s) (13000 43%) avg loss: 2.1111
avg bleu: 0.6330,avg bleu: 0.3926,avg bleu: 0.3667,avg bleu: 0.4222
running acc: 0.0180,running acc: 0.0000,running acc: 0.0000,running acc: 0.0000
ind acc avg: 0.5737,ind acc avg: 0.1744,ind acc avg: 0.0882,ind acc avg: 0.2245
3m 27s (- 4m 13s) (13500 45%) avg loss: 0.8993,4m 37s (- 5m 39s) (13500 45%) avg loss: 1.9959,10m 21s (- 12m 39s) (13500 45%) avg loss: 3.1697,3m 46s (- 4m 36s) (13500 45%) avg loss: 2.0952
avg bleu: 0.6519,avg bleu: 0.3964,avg bleu: 0.3755,avg bleu: 0.4247
running acc: 0.0160,running acc: 0.0000,running acc: 0.0000,running acc: 0.0000
ind acc avg: 0.5800,ind acc avg: 0.1868,ind acc avg: 0.0770,ind acc avg: 0.2512
3m 34s (- 4m 5s) (14000 46%) avg loss: 0.8921,4m 47s (- 5m 28s) (14000 46%) avg loss: 1.9889,10m 49s (- 12m 22s) (14000 46%) avg loss: 3.2345,3m 54s (- 4m 27s) (14000 46%) avg loss: 2.0399
avg bleu: 0.6508,avg bleu: 0.3966,avg bleu: 0.3685,avg bleu: 0.4370
running acc: 0.0200,running acc: 0.0000,running acc: 0.0000,running acc: 0.0000
ind acc avg: 0.5957,ind acc avg: 0.1830,ind acc avg: 0.0789,ind acc avg: 0.2615
3m 41s (- 3m 56s) (14500 48%) avg loss: 0.8998,4m 58s (- 5m 18s) (14500 48%) avg loss: 1.9807,11m 15s (- 12m 2s) (14500 48%) avg loss: 3.2099,4m 2s (- 4m 19s) (14500 48%) avg loss: 2.0690
avg bleu: 0.6460,avg bleu: 0.3961,avg bleu: 0.3615,avg bleu: 0.4152
running acc: 0.0160,running acc: 0.0000,running acc: 0.0000,running acc: 0.0000
ind acc avg: 0.5927,ind acc avg: 0.1868,ind acc avg: 0.0873,ind acc avg: 0.2402
3m 48s (- 3m 48s) (15000 50%) avg loss: 0.9225,5m 8s (- 5m 8s) (15000 50%) avg loss: 1.9742,11m 42s (- 11m 42s) (15000 50%) avg loss: 3.3480,4m 10s (- 4m 10s) (15000 50%) avg loss: 2.0662
avg bleu: 0.6395,avg bleu: 0.3920,avg bleu: 0.3418,avg bleu: 0.3992
running acc: 0.0220,running acc: 0.0000,running acc: 0.0000,running acc: 0.0000
ind acc avg: 0.5767,ind acc avg: 0.1798,ind acc avg: 0.0878,ind acc avg: 0.2437
3m 55s (- 3m 39s) (15500 51%) avg loss: 0.8560,5m 18s (- 4m 58s) (15500 51%) avg loss: 2.0528,12m 12s (- 11m 24s) (15500 51%) avg loss: 3.3536,4m 19s (- 4m 2s) (15500 51%) avg loss: 2.0478
avg bleu: 0.6478,avg bleu: 0.4051,avg bleu: 0.3562,avg bleu: 0.4099
running acc: 0.0140,running acc: 0.0000,running acc: 0.0000,running acc: 0.0000
ind acc avg: 0.5970,ind acc avg: 0.1740,ind acc avg: 0.0861,ind acc avg: 0.2595
4m 1s (- 3m 31s) (16000 53%) avg loss: 0.8896,5m 28s (- 4m 47s) (16000 53%) avg loss: 2.0915,12m 43s (- 11m 7s) (16000 53%) avg loss: 3.2748,4m 27s (- 3m 54s) (16000 53%) avg loss: 2.0343
avg bleu: 0.6472,avg bleu: 0.3890,avg bleu: 0.3523,avg bleu: 0.4163
running acc: 0.0140,running acc: 0.0000,running acc: 0.0000,running acc: 0.0000
ind acc avg: 0.5900,ind acc avg: 0.1734,ind acc avg: 0.0822,ind acc avg: 0.2632
4m 7s (- 3m 22s) (16500 55%) avg loss: 0.9213,5m 38s (- 4m 37s) (16500 55%) avg loss: 2.1806,13m 9s (- 10m 46s) (16500 55%) avg loss: 3.3574,4m 35s (- 3m 45s) (16500 55%) avg loss: 2.0292
avg bleu: 0.6467,avg bleu: 0.3823,avg bleu: 0.3420,avg bleu: 0.4282
running acc: 0.0200,running acc: 0.0000,running acc: 0.0000,running acc: 0.0000
ind acc avg: 0.5840,ind acc avg: 0.1602,ind acc avg: 0.0874,ind acc avg: 0.2560
4m 15s (- 3m 15s) (17000 56%) avg loss: 0.8788,5m 49s (- 4m 26s) (17000 56%) avg loss: 2.0539,13m 37s (- 10m 24s) (17000 56%) avg loss: 3.2774,4m 43s (- 3m 37s) (17000 56%) avg loss: 2.0579
avg bleu: 0.6491,avg bleu: 0.3903,avg bleu: 0.3523,avg bleu: 0.4282
running acc: 0.0120,running acc: 0.0000,running acc: 0.0000,running acc: 0.0000
ind acc avg: 0.5927,ind acc avg: 0.1830,ind acc avg: 0.0810,ind acc avg: 0.2497
4m 22s (- 3m 7s) (17500 58%) avg loss: 1.0036,5m 59s (- 4m 16s) (17500 58%) avg loss: 2.0327,14m 3s (- 10m 2s) (17500 58%) avg loss: 3.2193,4m 52s (- 3m 28s) (17500 58%) avg loss: 2.0583
avg bleu: 0.6306,avg bleu: 0.4021,avg bleu: 0.3525,avg bleu: 0.4360
running acc: 0.0140,running acc: 0.0000,running acc: 0.0000,running acc: 0.0000
ind acc avg: 0.5610,ind acc avg: 0.1838,ind acc avg: 0.0837,ind acc avg: 0.2585
4m 29s (- 2m 59s) (18000 60%) avg loss: 1.0936,6m 9s (- 4m 6s) (18000 60%) avg loss: 2.0598,14m 29s (- 9m 39s) (18000 60%) avg loss: 3.1894,5m 1s (- 3m 20s) (18000 60%) avg loss: 2.0365
avg bleu: 0.6032,avg bleu: 0.3890,avg bleu: 0.3591,avg bleu: 0.4303
running acc: 0.0220,running acc: 0.0000,running acc: 0.0000,running acc: 0.0000
ind acc avg: 0.5410,ind acc avg: 0.1732,ind acc avg: 0.0868,ind acc avg: 0.2612
4m 36s (- 2m 51s) (18500 61%) avg loss: 0.9779,6m 19s (- 3m 55s) (18500 61%) avg loss: 2.1695,14m 54s (- 9m 15s) (18500 61%) avg loss: 3.2651,5m 9s (- 3m 12s) (18500 61%) avg loss: 2.0344
avg bleu: 0.6223,avg bleu: 0.4041,avg bleu: 0.3529,avg bleu: 0.4251
running acc: 0.0100,running acc: 0.0000,running acc: 0.0000,running acc: 0.0000
ind acc avg: 0.5627,ind acc avg: 0.1636,ind acc avg: 0.0842,ind acc avg: 0.2550
4m 43s (- 2m 44s) (19000 63%) avg loss: 0.9357,6m 29s (- 3m 45s) (19000 63%) avg loss: 2.0144,15m 16s (- 8m 50s) (19000 63%) avg loss: 3.3532,5m 17s (- 3m 4s) (19000 63%) avg loss: 2.0940
avg bleu: 0.6343,avg bleu: 0.3900,avg bleu: 0.3427,avg bleu: 0.4136
running acc: 0.0140,running acc: 0.0000,running acc: 0.0000,running acc: 0.0000
ind acc avg: 0.5777,ind acc avg: 0.1862,ind acc avg: 0.0876,ind acc avg: 0.2357
4m 50s (- 2m 36s) (19500 65%) avg loss: 0.9435,6m 39s (- 3m 35s) (19500 65%) avg loss: 2.1785,15m 40s (- 8m 26s) (19500 65%) avg loss: 3.2537,5m 26s (- 2m 55s) (19500 65%) avg loss: 2.0669
avg bleu: 0.6302,avg bleu: 0.3836,avg bleu: 0.3599,avg bleu: 0.4270
running acc: 0.0120,running acc: 0.0000,running acc: 0.0000,running acc: 0.0000
ind acc avg: 0.5780,ind acc avg: 0.1682,ind acc avg: 0.0868,ind acc avg: 0.2485
4m 57s (- 2m 28s) (20000 66%) avg loss: 0.9832,6m 49s (- 3m 24s) (20000 66%) avg loss: 2.0610,16m 6s (- 8m 3s) (20000 66%) avg loss: 3.1553,5m 34s (- 2m 47s) (20000 66%) avg loss: 2.0516
avg bleu: 0.6231,avg bleu: 0.3927,avg bleu: 0.3667,avg bleu: 0.4337
running acc: 0.0100,running acc: 0.0000,running acc: 0.0000,running acc: 0.0000
ind acc avg: 0.5637,ind acc avg: 0.1746,ind acc avg: 0.0812,ind acc avg: 0.2537
5m 3s (- 2m 20s) (20500 68%) avg loss: 0.9372,6m 59s (- 3m 14s) (20500 68%) avg loss: 2.0574,16m 30s (- 7m 39s) (20500 68%) avg loss: 3.1002,5m 42s (- 2m 38s) (20500 68%) avg loss: 2.0599
avg bleu: 0.6303,avg bleu: 0.3851,avg bleu: 0.3817,avg bleu: 0.4179
running acc: 0.0140,running acc: 0.0000,running acc: 0.0000,running acc: 0.0000
ind acc avg: 0.5730,ind acc avg: 0.1808,ind acc avg: 0.0752,ind acc avg: 0.2527
5m 10s (- 2m 13s) (21000 70%) avg loss: 0.9705,7m 9s (- 3m 4s) (21000 70%) avg loss: 2.0208,16m 55s (- 7m 15s) (21000 70%) avg loss: 3.2048,5m 51s (- 2m 30s) (21000 70%) avg loss: 2.0651
avg bleu: 0.6331,avg bleu: 0.4008,avg bleu: 0.3603,avg bleu: 0.4197
running acc: 0.0100,running acc: 0.0000,running acc: 0.0000,running acc: 0.0000
ind acc avg: 0.5650,ind acc avg: 0.1852,ind acc avg: 0.0813,ind acc avg: 0.2550
5m 17s (- 2m 5s) (21500 71%) avg loss: 0.9797,7m 20s (- 2m 54s) (21500 71%) avg loss: 2.0369,17m 21s (- 6m 51s) (21500 71%) avg loss: 3.1974,5m 59s (- 2m 22s) (21500 71%) avg loss: 2.0549
avg bleu: 0.6177,avg bleu: 0.3905,avg bleu: 0.3633,avg bleu: 0.4241
running acc: 0.0100,running acc: 0.0000,running acc: 0.0000,running acc: 0.0000
ind acc avg: 0.5497,ind acc avg: 0.1830,ind acc avg: 0.0845,ind acc avg: 0.2510
5m 24s (- 1m 57s) (22000 73%) avg loss: 0.9713,7m 30s (- 2m 43s) (22000 73%) avg loss: 1.9957,17m 47s (- 6m 28s) (22000 73%) avg loss: 3.1108,6m 7s (- 2m 13s) (22000 73%) avg loss: 2.0601
avg bleu: 0.6398,avg bleu: 0.3974,avg bleu: 0.3602,avg bleu: 0.4262
running acc: 0.0140,running acc: 0.0000,running acc: 0.0000,running acc: 0.0000
ind acc avg: 0.5610,ind acc avg: 0.1828,ind acc avg: 0.0895,ind acc avg: 0.2510
5m 32s (- 1m 50s) (22500 75%) avg loss: 1.0283,7m 40s (- 2m 33s) (22500 75%) avg loss: 2.0527,18m 14s (- 6m 4s) (22500 75%) avg loss: 3.3810,6m 15s (- 2m 5s) (22500 75%) avg loss: 2.0571
avg bleu: 0.5992,avg bleu: 0.3904,avg bleu: 0.3463,avg bleu: 0.4170
running acc: 0.0120,running acc: 0.0000,running acc: 0.0000,running acc: 0.0000
ind acc avg: 0.5440,ind acc avg: 0.1716,ind acc avg: 0.0838,ind acc avg: 0.2572
5m 38s (- 1m 43s) (23000 76%) avg loss: 1.0697,7m 50s (- 2m 23s) (23000 76%) avg loss: 2.0137,18m 52s (- 5m 44s) (23000 76%) avg loss: 3.1024,6m 24s (- 1m 56s) (23000 76%) avg loss: 2.0603
avg bleu: 0.5870,avg bleu: 0.4015,avg bleu: 0.3720,avg bleu: 0.4252
running acc: 0.0100,running acc: 0.0000,running acc: 0.0000,running acc: 0.0000
ind acc avg: 0.5287,ind acc avg: 0.1822,ind acc avg: 0.0869,ind acc avg: 0.2672
5m 46s (- 1m 35s) (23500 78%) avg loss: 1.0257,8m 1s (- 2m 13s) (23500 78%) avg loss: 1.9645,19m 23s (- 5m 21s) (23500 78%) avg loss: 3.1090,6m 32s (- 1m 48s) (23500 78%) avg loss: 2.0562
avg bleu: 0.6106,avg bleu: 0.3969,avg bleu: 0.3611,avg bleu: 0.4202
running acc: 0.0120,running acc: 0.0000,running acc: 0.0000,running acc: 0.0000
ind acc avg: 0.5433,ind acc avg: 0.1848,ind acc avg: 0.0853,ind acc avg: 0.2622
5m 53s (- 1m 28s) (24000 80%) avg loss: 1.0064,8m 11s (- 2m 2s) (24000 80%) avg loss: 1.9398,19m 51s (- 4m 57s) (24000 80%) avg loss: 3.1414,6m 40s (- 1m 40s) (24000 80%) avg loss: 2.0559
avg bleu: 0.6192,avg bleu: 0.4040,avg bleu: 0.3637,avg bleu: 0.4288
running acc: 0.0220,running acc: 0.0000,running acc: 0.0000,running acc: 0.0000
ind acc avg: 0.5517,ind acc avg: 0.1966,ind acc avg: 0.0837,ind acc avg: 0.2710
6m 0s (- 1m 20s) (24500 81%) avg loss: 1.0312,8m 21s (- 1m 52s) (24500 81%) avg loss: 1.9607,20m 17s (- 4m 33s) (24500 81%) avg loss: 3.1642,6m 48s (- 1m 31s) (24500 81%) avg loss: 2.0374
avg bleu: 0.6202,avg bleu: 0.3845,avg bleu: 0.3643,avg bleu: 0.4251
running acc: 0.0100,running acc: 0.0000,running acc: 0.0000,running acc: 0.0000
ind acc avg: 0.5477,ind acc avg: 0.1922,ind acc avg: 0.0883,ind acc avg: 0.2570
6m 8s (- 1m 13s) (25000 83%) avg loss: 1.0474,8m 31s (- 1m 42s) (25000 83%) avg loss: 1.9409,20m 47s (- 4m 9s) (25000 83%) avg loss: 3.1399,6m 57s (- 1m 23s) (25000 83%) avg loss: 2.0386
avg bleu: 0.6161,avg bleu: 0.4052,avg bleu: 0.3662,avg bleu: 0.4293
running acc: 0.0080,running acc: 0.0000,running acc: 0.0000,running acc: 0.0000
ind acc avg: 0.5443,ind acc avg: 0.1914,ind acc avg: 0.0833,ind acc avg: 0.2652
6m 16s (- 1m 6s) (25500 85%) avg loss: 1.0322,8m 42s (- 1m 32s) (25500 85%) avg loss: 1.9686,21m 19s (- 3m 45s) (25500 85%) avg loss: 3.1854,7m 5s (- 1m 15s) (25500 85%) avg loss: 2.0474
avg bleu: 0.6018,avg bleu: 0.3999,avg bleu: 0.3582,avg bleu: 0.4200
running acc: 0.0060,running acc: 0.0000,running acc: 0.0000,running acc: 0.0000
ind acc avg: 0.5380,ind acc avg: 0.1946,ind acc avg: 0.0836,ind acc avg: 0.2647
6m 23s (- 0m 59s) (26000 86%) avg loss: 1.0390,8m 52s (- 1m 21s) (26000 86%) avg loss: 2.0349,21m 51s (- 3m 21s) (26000 86%) avg loss: 3.1245,7m 13s (- 1m 6s) (26000 86%) avg loss: 2.0432
avg bleu: 0.6000,avg bleu: 0.3932,avg bleu: 0.3666,avg bleu: 0.4347
running acc: 0.0120,running acc: 0.0000,running acc: 0.0000,running acc: 0.0000
ind acc avg: 0.5363,ind acc avg: 0.1764,ind acc avg: 0.0814,ind acc avg: 0.2662
6m 31s (- 0m 51s) (26500 88%) avg loss: 1.0399,9m 2s (- 1m 11s) (26500 88%) avg loss: 1.9881,22m 23s (- 2m 57s) (26500 88%) avg loss: 3.1143,7m 22s (- 0m 58s) (26500 88%) avg loss: 2.0953
avg bleu: 0.6068,avg bleu: 0.3914,avg bleu: 0.3667,avg bleu: 0.4291
running acc: 0.0120,running acc: 0.0000,running acc: 0.0000,running acc: 0.0000
ind acc avg: 0.5357,ind acc avg: 0.1814,ind acc avg: 0.0853,ind acc avg: 0.2520
6m 38s (- 0m 44s) (27000 90%) avg loss: 1.0273,9m 12s (- 1m 1s) (27000 90%) avg loss: 2.0317,22m 55s (- 2m 32s) (27000 90%) avg loss: 3.2784,7m 30s (- 0m 50s) (27000 90%) avg loss: 2.1093
avg bleu: 0.6187,avg bleu: 0.4000,avg bleu: 0.3501,avg bleu: 0.4195
running acc: 0.0120,running acc: 0.0000,running acc: 0.0000,running acc: 0.0000
ind acc avg: 0.5437,ind acc avg: 0.1798,ind acc avg: 0.0886,ind acc avg: 0.2497
0m 9s (- 9m 5s) (500 1%) avg loss: 0.9440,0m 10s (- 10m 21s) (500 1%) avg loss: 2.0651,0m 37s (- 36m 35s) (500 1%) avg loss: 3.1432,0m 8s (- 8m 36s) (500 1%) avg loss: 2.1345
avg bleu: 0.6408,avg bleu: 0.4029,avg bleu: 0.3625,avg bleu: 0.4163
running acc: 0.0120,running acc: 0.0000,running acc: 0.0000,running acc: 0.0000
ind acc avg: 0.5740,ind acc avg: 0.1852,ind acc avg: 0.0817,ind acc avg: 0.2397
0m 17s (- 8m 38s) (1000 3%) avg loss: 0.9433,0m 21s (- 10m 21s) (1000 3%) avg loss: 2.0088,1m 10s (- 34m 14s) (1000 3%) avg loss: 3.1183,0m 17s (- 8m 17s) (1000 3%) avg loss: 2.0876
avg bleu: 0.6222,avg bleu: 0.3937,avg bleu: 0.3599,avg bleu: 0.4217
running acc: 0.0160,running acc: 0.0000,running acc: 0.0000,running acc: 0.0000
ind acc avg: 0.5667,ind acc avg: 0.1886,ind acc avg: 0.0844,ind acc avg: 0.2505
0m 27s (- 8m 39s) (1500 5%) avg loss: 0.9740,0m 32s (- 10m 18s) (1500 5%) avg loss: 2.0252,1m 46s (- 33m 36s) (1500 5%) avg loss: 3.1568,0m 25s (- 8m 6s) (1500 5%) avg loss: 2.1166
avg bleu: 0.6313,avg bleu: 0.3988,avg bleu: 0.3629,avg bleu: 0.4243
running acc: 0.0100,running acc: 0.0000,running acc: 0.0000,running acc: 0.0000
ind acc avg: 0.5633,ind acc avg: 0.1802,ind acc avg: 0.0826,ind acc avg: 0.2417
0m 36s (- 8m 35s) (2000 6%) avg loss: 1.0560,0m 42s (- 9m 59s) (2000 6%) avg loss: 2.0107,2m 16s (- 31m 54s) (2000 6%) avg loss: 3.1324,0m 34s (- 7m 58s) (2000 6%) avg loss: 2.1078
avg bleu: 0.6133,avg bleu: 0.3928,avg bleu: 0.3656,avg bleu: 0.4237
running acc: 0.0140,running acc: 0.0000,running acc: 0.0000,running acc: 0.0000
ind acc avg: 0.5363,ind acc avg: 0.1828,ind acc avg: 0.0893,ind acc avg: 0.2475
0m 43s (- 8m 2s) (2500 8%) avg loss: 1.1859,0m 53s (- 9m 45s) (2500 8%) avg loss: 1.9863,2m 45s (- 30m 20s) (2500 8%) avg loss: 3.0811,0m 42s (- 7m 48s) (2500 8%) avg loss: 2.0664
avg bleu: 0.5832,avg bleu: 0.3980,avg bleu: 0.3671,avg bleu: 0.4274
running acc: 0.0220,running acc: 0.0000,running acc: 0.0000,running acc: 0.0000
ind acc avg: 0.5110,ind acc avg: 0.1906,ind acc avg: 0.0793,ind acc avg: 0.2572
0m 51s (- 7m 46s) (3000 10%) avg loss: 1.1889,1m 3s (- 9m 31s) (3000 10%) avg loss: 1.9515,3m 13s (- 28m 58s) (3000 10%) avg loss: 3.1539,0m 50s (- 7m 38s) (3000 10%) avg loss: 2.1073
avg bleu: 0.5806,avg bleu: 0.3882,avg bleu: 0.3651,avg bleu: 0.4112
running acc: 0.0040,running acc: 0.0000,running acc: 0.0000,running acc: 0.0000
ind acc avg: 0.5080,ind acc avg: 0.1836,ind acc avg: 0.0860,ind acc avg: 0.2462
0m 59s (- 7m 28s) (3500 11%) avg loss: 1.1857,1m 14s (- 9m 22s) (3500 11%) avg loss: 1.9239,3m 40s (- 27m 52s) (3500 11%) avg loss: 3.2046,0m 59s (- 7m 29s) (3500 11%) avg loss: 2.0762
avg bleu: 0.5774,avg bleu: 0.3972,avg bleu: 0.3699,avg bleu: 0.4280
running acc: 0.0080,running acc: 0.0000,running acc: 0.0000,running acc: 0.0000
ind acc avg: 0.5073,ind acc avg: 0.1888,ind acc avg: 0.0851,ind acc avg: 0.2567
1m 6s (- 7m 13s) (4000 13%) avg loss: 1.1982,1m 25s (- 9m 12s) (4000 13%) avg loss: 1.9118,4m 6s (- 26m 45s) (4000 13%) avg loss: 3.1843,1m 8s (- 7m 22s) (4000 13%) avg loss: 2.0788
avg bleu: 0.5831,avg bleu: 0.3767,avg bleu: 0.3550,avg bleu: 0.4301
running acc: 0.0060,running acc: 0.0000,running acc: 0.0000,running acc: 0.0000
ind acc avg: 0.5090,ind acc avg: 0.1912,ind acc avg: 0.0847,ind acc avg: 0.2517
1m 15s (- 7m 8s) (4500 15%) avg loss: 1.2091,1m 35s (- 9m 2s) (4500 15%) avg loss: 2.0274,4m 33s (- 25m 50s) (4500 15%) avg loss: 3.1626,1m 16s (- 7m 13s) (4500 15%) avg loss: 2.0940
avg bleu: 0.5719,avg bleu: 0.3865,avg bleu: 0.3688,avg bleu: 0.4148
running acc: 0.0080,running acc: 0.0000,running acc: 0.0000,running acc: 0.0000
ind acc avg: 0.4983,ind acc avg: 0.1856,ind acc avg: 0.0833,ind acc avg: 0.2470
1m 22s (- 6m 50s) (5000 16%) avg loss: 1.2390,1m 46s (- 8m 52s) (5000 16%) avg loss: 1.9693,5m 8s (- 25m 40s) (5000 16%) avg loss: 3.5826,1m 24s (- 7m 4s) (5000 16%) avg loss: 2.0909
avg bleu: 0.5574,avg bleu: 0.3875,avg bleu: 0.3265,avg bleu: 0.4113
running acc: 0.0060,running acc: 0.0000,running acc: 0.0000,running acc: 0.0000
ind acc avg: 0.4837,ind acc avg: 0.1812,ind acc avg: 0.0865,ind acc avg: 0.2490
1m 29s (- 6m 37s) (5500 18%) avg loss: 1.2526,1m 56s (- 8m 40s) (5500 18%) avg loss: 2.0322,5m 44s (- 25m 33s) (5500 18%) avg loss: 3.7152,1m 33s (- 6m 56s) (5500 18%) avg loss: 2.1021
avg bleu: 0.5659,avg bleu: 0.4069,avg bleu: 0.3159,avg bleu: 0.4115
running acc: 0.0020,running acc: 0.0000,running acc: 0.0000,running acc: 0.0000
ind acc avg: 0.4923,ind acc avg: 0.1812,ind acc avg: 0.0860,ind acc avg: 0.2390
1m 35s (- 6m 23s) (6000 20%) avg loss: 1.2822,2m 7s (- 8m 30s) (6000 20%) avg loss: 2.0741,6m 16s (- 25m 5s) (6000 20%) avg loss: 3.7334,1m 41s (- 6m 47s) (6000 20%) avg loss: 2.0684
avg bleu: 0.5535,avg bleu: 0.3985,avg bleu: 0.3295,avg bleu: 0.4316
running acc: 0.0060,running acc: 0.0000,running acc: 0.0000,running acc: 0.0000
ind acc avg: 0.4853,ind acc avg: 0.1806,ind acc avg: 0.0839,ind acc avg: 0.2490
1m 43s (- 6m 14s) (6500 21%) avg loss: 1.3324,2m 20s (- 8m 29s) (6500 21%) avg loss: 2.2359,6m 50s (- 24m 43s) (6500 21%) avg loss: 3.3704,1m 50s (- 6m 38s) (6500 21%) avg loss: 2.0733
avg bleu: 0.5439,avg bleu: 0.3948,avg bleu: 0.3570,avg bleu: 0.4168
running acc: 0.0040,running acc: 0.0000,running acc: 0.0000,running acc: 0.0000
ind acc avg: 0.4690,ind acc avg: 0.1654,ind acc avg: 0.0770,ind acc avg: 0.2512
1m 51s (- 6m 5s) (7000 23%) avg loss: 1.2616,2m 31s (- 8m 19s) (7000 23%) avg loss: 2.1279,7m 24s (- 24m 21s) (7000 23%) avg loss: 3.3208,1m 58s (- 6m 29s) (7000 23%) avg loss: 2.0910
avg bleu: 0.5498,avg bleu: 0.3996,avg bleu: 0.3489,avg bleu: 0.4282
running acc: 0.0120,running acc: 0.0000,running acc: 0.0000,running acc: 0.0000
ind acc avg: 0.4820,ind acc avg: 0.1766,ind acc avg: 0.0843,ind acc avg: 0.2522
1m 57s (- 5m 53s) (7500 25%) avg loss: 1.2795,2m 45s (- 8m 17s) (7500 25%) avg loss: 2.0955,7m 59s (- 23m 58s) (7500 25%) avg loss: 3.9808,2m 7s (- 6m 21s) (7500 25%) avg loss: 2.0964
avg bleu: 0.5527,avg bleu: 0.3989,avg bleu: 0.3033,avg bleu: 0.4385
running acc: 0.0060,running acc: 0.0000,running acc: 0.0000,running acc: 0.0000
ind acc avg: 0.4767,ind acc avg: 0.1750,ind acc avg: 0.0821,ind acc avg: 0.2472
2m 4s (- 5m 41s) (8000 26%) avg loss: 1.6434,2m 57s (- 8m 8s) (8000 26%) avg loss: 2.0300,8m 33s (- 23m 32s) (8000 26%) avg loss: 3.8672,2m 15s (- 6m 12s) (8000 26%) avg loss: 2.0846
avg bleu: 0.5160,avg bleu: 0.4100,avg bleu: 0.3183,avg bleu: 0.4246
running acc: 0.0040,running acc: 0.0000,running acc: 0.0000,running acc: 0.0000
ind acc avg: 0.4433,ind acc avg: 0.1866,ind acc avg: 0.0830,ind acc avg: 0.2550
2m 11s (- 5m 32s) (8500 28%) avg loss: 1.5657,3m 8s (- 7m 57s) (8500 28%) avg loss: 2.0511,9m 7s (- 23m 4s) (8500 28%) avg loss: 3.6759,2m 24s (- 6m 4s) (8500 28%) avg loss: 2.1405
avg bleu: 0.5220,avg bleu: 0.3968,avg bleu: 0.3236,avg bleu: 0.4256
running acc: 0.0040,running acc: 0.0000,running acc: 0.0000,running acc: 0.0000
ind acc avg: 0.4407,ind acc avg: 0.1802,ind acc avg: 0.0838,ind acc avg: 0.2487
2m 18s (- 5m 22s) (9000 30%) avg loss: 1.4876,3m 20s (- 7m 47s) (9000 30%) avg loss: 2.0411,9m 42s (- 22m 39s) (9000 30%) avg loss: 3.6839,2m 32s (- 5m 55s) (9000 30%) avg loss: 2.1200
avg bleu: 0.5209,avg bleu: 0.3951,avg bleu: 0.3187,avg bleu: 0.4298
running acc: 0.0040,running acc: 0.0000,running acc: 0.0000,running acc: 0.0000
ind acc avg: 0.4387,ind acc avg: 0.1844,ind acc avg: 0.0805,ind acc avg: 0.2452
2m 26s (- 5m 15s) (9500 31%) avg loss: 1.4783,3m 32s (- 7m 38s) (9500 31%) avg loss: 2.0251,10m 15s (- 22m 7s) (9500 31%) avg loss: 3.3811,2m 40s (- 5m 47s) (9500 31%) avg loss: 2.0764
avg bleu: 0.5173,avg bleu: 0.3900,avg bleu: 0.3459,avg bleu: 0.4251
running acc: 0.0040,running acc: 0.0000,running acc: 0.0000,running acc: 0.0000
ind acc avg: 0.4413,ind acc avg: 0.1810,ind acc avg: 0.0793,ind acc avg: 0.2577
2m 32s (- 5m 4s) (10000 33%) avg loss: 1.4769,3m 44s (- 7m 28s) (10000 33%) avg loss: 2.0224,10m 48s (- 21m 37s) (10000 33%) avg loss: 3.4673,2m 49s (- 5m 38s) (10000 33%) avg loss: 2.0948
avg bleu: 0.5240,avg bleu: 0.3946,avg bleu: 0.3376,avg bleu: 0.4214
running acc: 0.0020,running acc: 0.0000,running acc: 0.0000,running acc: 0.0000
ind acc avg: 0.4447,ind acc avg: 0.1780,ind acc avg: 0.0797,ind acc avg: 0.2550
2m 38s (- 4m 54s) (10500 35%) avg loss: 1.4193,3m 56s (- 7m 19s) (10500 35%) avg loss: 2.0357,11m 24s (- 21m 10s) (10500 35%) avg loss: 3.4022,2m 57s (- 5m 30s) (10500 35%) avg loss: 2.1051
avg bleu: 0.5301,avg bleu: 0.3809,avg bleu: 0.3403,avg bleu: 0.4227
running acc: 0.0000,running acc: 0.0000,running acc: 0.0000,running acc: 0.0000
ind acc avg: 0.4520,ind acc avg: 0.1762,ind acc avg: 0.0828,ind acc avg: 0.2495
2m 44s (- 4m 44s) (11000 36%) avg loss: 1.4618,4m 7s (- 7m 7s) (11000 36%) avg loss: 2.0182,11m 59s (- 20m 42s) (11000 36%) avg loss: 3.6553,3m 6s (- 5m 21s) (11000 36%) avg loss: 2.0877
avg bleu: 0.5199,avg bleu: 0.4075,avg bleu: 0.3177,avg bleu: 0.4294
running acc: 0.0020,running acc: 0.0000,running acc: 0.0000,running acc: 0.0000
ind acc avg: 0.4427,ind acc avg: 0.1804,ind acc avg: 0.0800,ind acc avg: 0.2510
2m 51s (- 4m 35s) (11500 38%) avg loss: 1.3750,4m 20s (- 6m 59s) (11500 38%) avg loss: 2.0074,12m 35s (- 20m 15s) (11500 38%) avg loss: 3.9888,3m 14s (- 5m 13s) (11500 38%) avg loss: 2.1059
avg bleu: 0.5356,avg bleu: 0.4001,avg bleu: 0.3090,avg bleu: 0.4234
running acc: 0.0040,running acc: 0.0000,running acc: 0.0000,running acc: 0.0000
ind acc avg: 0.4643,ind acc avg: 0.1852,ind acc avg: 0.0835,ind acc avg: 0.2507
2m 57s (- 4m 26s) (12000 40%) avg loss: 1.4058,4m 31s (- 6m 47s) (12000 40%) avg loss: 1.9823,13m 10s (- 19m 45s) (12000 40%) avg loss: 3.6694,3m 23s (- 5m 4s) (12000 40%) avg loss: 2.1127
avg bleu: 0.5259,avg bleu: 0.3989,avg bleu: 0.3218,avg bleu: 0.4230
running acc: 0.0000,running acc: 0.0000,running acc: 0.0000,running acc: 0.0000
ind acc avg: 0.4470,ind acc avg: 0.1870,ind acc avg: 0.0819,ind acc avg: 0.2425
3m 3s (- 4m 17s) (12500 41%) avg loss: 1.3770,4m 44s (- 6m 38s) (12500 41%) avg loss: 1.9936,13m 44s (- 19m 14s) (12500 41%) avg loss: 3.6486,3m 31s (- 4m 56s) (12500 41%) avg loss: 2.1313
avg bleu: 0.5303,avg bleu: 0.3842,avg bleu: 0.3282,avg bleu: 0.4307
running acc: 0.0000,running acc: 0.0000,running acc: 0.0000,running acc: 0.0000
ind acc avg: 0.4547,ind acc avg: 0.1798,ind acc avg: 0.0798,ind acc avg: 0.2457
3m 9s (- 4m 8s) (13000 43%) avg loss: 1.3447,5m 0s (- 6m 32s) (13000 43%) avg loss: 1.9782,14m 18s (- 18m 42s) (13000 43%) avg loss: 3.6226,3m 40s (- 4m 47s) (13000 43%) avg loss: 2.1361
avg bleu: 0.5407,avg bleu: 0.4032,avg bleu: 0.3267,avg bleu: 0.4114
running acc: 0.0040,running acc: 0.0000,running acc: 0.0000,running acc: 0.0000
ind acc avg: 0.4713,ind acc avg: 0.1894,ind acc avg: 0.0801,ind acc avg: 0.2340
3m 16s (- 3m 59s) (13500 45%) avg loss: 1.3423,5m 14s (- 6m 24s) (13500 45%) avg loss: 2.1652,14m 51s (- 18m 9s) (13500 45%) avg loss: 3.5836,3m 48s (- 4m 39s) (13500 45%) avg loss: 2.0939
avg bleu: 0.5420,avg bleu: 0.4017,avg bleu: 0.3355,avg bleu: 0.4293
running acc: 0.0100,running acc: 0.0000,running acc: 0.0000,running acc: 0.0000
ind acc avg: 0.4733,ind acc avg: 0.1698,ind acc avg: 0.0792,ind acc avg: 0.2527
3m 22s (- 3m 51s) (14000 46%) avg loss: 1.3654,5m 28s (- 6m 15s) (14000 46%) avg loss: 2.0213,15m 24s (- 17m 36s) (14000 46%) avg loss: 3.5800,3m 56s (- 4m 30s) (14000 46%) avg loss: 2.0799
avg bleu: 0.5391,avg bleu: 0.3991,avg bleu: 0.3292,avg bleu: 0.4199
running acc: 0.0060,running acc: 0.0000,running acc: 0.0000,running acc: 0.0000
ind acc avg: 0.4690,ind acc avg: 0.1712,ind acc avg: 0.0836,ind acc avg: 0.2590
3m 28s (- 3m 43s) (14500 48%) avg loss: 1.3378,5m 42s (- 6m 6s) (14500 48%) avg loss: 2.0442,15m 57s (- 17m 3s) (14500 48%) avg loss: 3.5186,4m 5s (- 4m 22s) (14500 48%) avg loss: 2.1176
avg bleu: 0.5436,avg bleu: 0.3922,avg bleu: 0.3504,avg bleu: 0.4176
running acc: 0.0080,running acc: 0.0000,running acc: 0.0000,running acc: 0.0000
ind acc avg: 0.4747,ind acc avg: 0.1770,ind acc avg: 0.0777,ind acc avg: 0.2412
3m 35s (- 3m 35s) (15000 50%) avg loss: 1.3636,5m 56s (- 5m 56s) (15000 50%) avg loss: 1.9973,16m 32s (- 16m 32s) (15000 50%) avg loss: 3.5525,4m 13s (- 4m 13s) (15000 50%) avg loss: 2.1175
avg bleu: 0.5362,avg bleu: 0.4118,avg bleu: 0.3369,avg bleu: 0.4099
running acc: 0.0060,running acc: 0.0000,running acc: 0.0000,running acc: 0.0000
ind acc avg: 0.4680,ind acc avg: 0.1806,ind acc avg: 0.0742,ind acc avg: 0.2507
3m 41s (- 3m 26s) (15500 51%) avg loss: 1.4121,6m 12s (- 5m 48s) (15500 51%) avg loss: 2.0030,17m 7s (- 16m 1s) (15500 51%) avg loss: 3.5117,4m 22s (- 4m 5s) (15500 51%) avg loss: 2.0887
avg bleu: 0.5294,avg bleu: 0.4045,avg bleu: 0.3394,avg bleu: 0.4242
running acc: 0.0040,running acc: 0.0000,running acc: 0.0000,running acc: 0.0000
ind acc avg: 0.4503,ind acc avg: 0.1918,ind acc avg: 0.0783,ind acc avg: 0.2542
3m 47s (- 3m 19s) (16000 53%) avg loss: 1.3496,6m 26s (- 5m 37s) (16000 53%) avg loss: 1.9888,17m 42s (- 15m 29s) (16000 53%) avg loss: 3.4995,4m 30s (- 3m 57s) (16000 53%) avg loss: 2.0858
avg bleu: 0.5408,avg bleu: 0.3983,avg bleu: 0.3428,avg bleu: 0.4092
running acc: 0.0020,running acc: 0.0000,running acc: 0.0000,running acc: 0.0000
ind acc avg: 0.4667,ind acc avg: 0.1878,ind acc avg: 0.0847,ind acc avg: 0.2457
3m 53s (- 3m 11s) (16500 55%) avg loss: 1.4114,6m 39s (- 5m 26s) (16500 55%) avg loss: 1.9957,18m 16s (- 14m 57s) (16500 55%) avg loss: 3.4125,4m 39s (- 3m 48s) (16500 55%) avg loss: 2.0921
avg bleu: 0.5295,avg bleu: 0.3922,avg bleu: 0.3502,avg bleu: 0.4150
running acc: 0.0060,running acc: 0.0000,running acc: 0.0000,running acc: 0.0000
ind acc avg: 0.4470,ind acc avg: 0.1834,ind acc avg: 0.0805,ind acc avg: 0.2452
4m 0s (- 3m 3s) (17000 56%) avg loss: 1.3595,6m 51s (- 5m 14s) (17000 56%) avg loss: 1.9747,18m 51s (- 14m 24s) (17000 56%) avg loss: 3.4544,4m 47s (- 3m 40s) (17000 56%) avg loss: 2.1007
avg bleu: 0.5301,avg bleu: 0.3933,avg bleu: 0.3465,avg bleu: 0.4094
running acc: 0.0020,running acc: 0.0000,running acc: 0.0000,running acc: 0.0000
ind acc avg: 0.4650,ind acc avg: 0.1896,ind acc avg: 0.0809,ind acc avg: 0.2510
4m 6s (- 2m 56s) (17500 58%) avg loss: 1.4481,7m 4s (- 5m 2s) (17500 58%) avg loss: 1.9450,19m 27s (- 13m 54s) (17500 58%) avg loss: 3.3554,4m 56s (- 3m 31s) (17500 58%) avg loss: 2.1038
avg bleu: 0.5190,avg bleu: 0.3834,avg bleu: 0.3476,avg bleu: 0.4262
running acc: 0.0080,running acc: 0.0000,running acc: 0.0000,running acc: 0.0000
ind acc avg: 0.4510,ind acc avg: 0.1830,ind acc avg: 0.0777,ind acc avg: 0.2530
4m 12s (- 2m 48s) (18000 60%) avg loss: 1.3757,7m 16s (- 4m 51s) (18000 60%) avg loss: 1.9693,20m 5s (- 13m 23s) (18000 60%) avg loss: 3.4568,5m 4s (- 3m 23s) (18000 60%) avg loss: 2.0825
avg bleu: 0.5374,avg bleu: 0.4016,avg bleu: 0.3415,avg bleu: 0.4140
running acc: 0.0040,running acc: 0.0000,running acc: 0.0000,running acc: 0.0000
ind acc avg: 0.4540,ind acc avg: 0.1884,ind acc avg: 0.0827,ind acc avg: 0.2580
4m 19s (- 2m 41s) (18500 61%) avg loss: 1.4022,7m 28s (- 4m 39s) (18500 61%) avg loss: 2.1091,20m 43s (- 12m 53s) (18500 61%) avg loss: 3.4932,5m 13s (- 3m 14s) (18500 61%) avg loss: 2.0821
avg bleu: 0.5288,avg bleu: 0.3895,avg bleu: 0.3458,avg bleu: 0.4107
running acc: 0.0040,running acc: 0.0000,running acc: 0.0000,running acc: 0.0000
ind acc avg: 0.4533,ind acc avg: 0.1852,ind acc avg: 0.0789,ind acc avg: 0.2617
4m 25s (- 2m 33s) (19000 63%) avg loss: 1.5028,7m 41s (- 4m 27s) (19000 63%) avg loss: 2.0834,21m 21s (- 12m 22s) (19000 63%) avg loss: 3.5474,5m 21s (- 3m 6s) (19000 63%) avg loss: 2.1563
avg bleu: 0.5077,avg bleu: 0.4010,avg bleu: 0.3191,avg bleu: 0.4135
running acc: 0.0040,running acc: 0.0000,running acc: 0.0000,running acc: 0.0000
ind acc avg: 0.4267,ind acc avg: 0.1760,ind acc avg: 0.0823,ind acc avg: 0.2365
4m 31s (- 2m 26s) (19500 65%) avg loss: 1.5680,7m 53s (- 4m 15s) (19500 65%) avg loss: 1.9792,21m 47s (- 11m 43s) (19500 65%) avg loss: 3.4408,5m 30s (- 2m 57s) (19500 65%) avg loss: 2.1558
avg bleu: 0.5032,avg bleu: 0.4089,avg bleu: 0.3268,avg bleu: 0.4215
running acc: 0.0000,running acc: 0.0000,running acc: 0.0000,running acc: 0.0000
ind acc avg: 0.4103,ind acc avg: 0.1892,ind acc avg: 0.0794,ind acc avg: 0.2400
4m 37s (- 2m 18s) (20000 66%) avg loss: 1.5613,8m 6s (- 4m 3s) (20000 66%) avg loss: 2.0435,22m 11s (- 11m 5s) (20000 66%) avg loss: 3.5069,5m 38s (- 2m 49s) (20000 66%) avg loss: 2.1053
avg bleu: 0.4951,avg bleu: 0.3944,avg bleu: 0.3344,avg bleu: 0.4255
running acc: 0.0020,running acc: 0.0000,running acc: 0.0000,running acc: 0.0000
ind acc avg: 0.4137,ind acc avg: 0.1838,ind acc avg: 0.0825,ind acc avg: 0.2472
4m 44s (- 2m 11s) (20500 68%) avg loss: 1.5397,8m 18s (- 3m 51s) (20500 68%) avg loss: 2.0672,22m 44s (- 10m 32s) (20500 68%) avg loss: 3.3558,5m 46s (- 2m 40s) (20500 68%) avg loss: 2.1269
avg bleu: 0.4944,avg bleu: 0.4016,avg bleu: 0.3457,avg bleu: 0.4281
running acc: 0.0000,running acc: 0.0000,running acc: 0.0000,running acc: 0.0000
ind acc avg: 0.4077,ind acc avg: 0.1888,ind acc avg: 0.0782,ind acc avg: 0.2480
4m 50s (- 2m 4s) (21000 70%) avg loss: 1.5118,8m 31s (- 3m 39s) (21000 70%) avg loss: 2.0737,23m 20s (- 10m 0s) (21000 70%) avg loss: 3.3946,5m 54s (- 2m 32s) (21000 70%) avg loss: 2.1003
avg bleu: 0.4993,avg bleu: 0.4085,avg bleu: 0.3393,avg bleu: 0.4205
running acc: 0.0000,running acc: 0.0000,running acc: 0.0000,running acc: 0.0000
ind acc avg: 0.4167,ind acc avg: 0.1794,ind acc avg: 0.0812,ind acc avg: 0.2547
4m 56s (- 1m 57s) (21500 71%) avg loss: 1.4832,8m 43s (- 3m 27s) (21500 71%) avg loss: 2.0681,23m 55s (- 9m 27s) (21500 71%) avg loss: 3.2831,6m 3s (- 2m 23s) (21500 71%) avg loss: 2.1365
avg bleu: 0.4936,avg bleu: 0.3903,avg bleu: 0.3437,avg bleu: 0.4054
running acc: 0.0020,running acc: 0.0000,running acc: 0.0000,running acc: 0.0000
ind acc avg: 0.4180,ind acc avg: 0.1782,ind acc avg: 0.0843,ind acc avg: 0.2318
5m 2s (- 1m 50s) (22000 73%) avg loss: 1.4945,8m 56s (- 3m 15s) (22000 73%) avg loss: 2.0850,24m 31s (- 8m 54s) (22000 73%) avg loss: 3.4149,6m 11s (- 2m 15s) (22000 73%) avg loss: 2.0815
avg bleu: 0.5035,avg bleu: 0.3990,avg bleu: 0.3388,avg bleu: 0.4260
running acc: 0.0000,running acc: 0.0000,running acc: 0.0000,running acc: 0.0000
ind acc avg: 0.4140,ind acc avg: 0.1850,ind acc avg: 0.0810,ind acc avg: 0.2592
5m 9s (- 1m 43s) (22500 75%) avg loss: 1.4213,9m 8s (- 3m 2s) (22500 75%) avg loss: 2.0368,25m 6s (- 8m 22s) (22500 75%) avg loss: 3.2276,6m 19s (- 2m 6s) (22500 75%) avg loss: 2.1126
avg bleu: 0.5232,avg bleu: 0.3916,avg bleu: 0.3543,avg bleu: 0.4146
running acc: 0.0020,running acc: 0.0000,running acc: 0.0000,running acc: 0.0000
ind acc avg: 0.4443,ind acc avg: 0.1790,ind acc avg: 0.0813,ind acc avg: 0.2460
5m 15s (- 1m 36s) (23000 76%) avg loss: 1.4202,9m 21s (- 2m 50s) (23000 76%) avg loss: 2.0359,25m 41s (- 7m 49s) (23000 76%) avg loss: 3.3101,6m 28s (- 1m 58s) (23000 76%) avg loss: 2.1365
avg bleu: 0.5320,avg bleu: 0.3955,avg bleu: 0.3359,avg bleu: 0.4228
running acc: 0.0040,running acc: 0.0000,running acc: 0.0000,running acc: 0.0000
ind acc avg: 0.4530,ind acc avg: 0.1836,ind acc avg: 0.0855,ind acc avg: 0.2437
5m 21s (- 1m 29s) (23500 78%) avg loss: 1.4034,9m 33s (- 2m 38s) (23500 78%) avg loss: 2.0248,26m 16s (- 7m 16s) (23500 78%) avg loss: 3.3212,6m 36s (- 1m 49s) (23500 78%) avg loss: 2.1466
avg bleu: 0.5250,avg bleu: 0.4002,avg bleu: 0.3397,avg bleu: 0.4191
running acc: 0.0020,running acc: 0.0000,running acc: 0.0000,running acc: 0.0000
ind acc avg: 0.4460,ind acc avg: 0.1842,ind acc avg: 0.0780,ind acc avg: 0.2512
5m 28s (- 1m 22s) (24000 80%) avg loss: 1.4353,9m 45s (- 2m 26s) (24000 80%) avg loss: 1.9914,26m 51s (- 6m 42s) (24000 80%) avg loss: 3.3014,6m 44s (- 1m 41s) (24000 80%) avg loss: 2.1980
avg bleu: 0.5124,avg bleu: 0.3841,avg bleu: 0.3456,avg bleu: 0.4058
running acc: 0.0040,running acc: 0.0000,running acc: 0.0000,running acc: 0.0000
ind acc avg: 0.4420,ind acc avg: 0.1762,ind acc avg: 0.0828,ind acc avg: 0.2248
5m 34s (- 1m 15s) (24500 81%) avg loss: 1.4847,9m 58s (- 2m 14s) (24500 81%) avg loss: 1.9686,27m 26s (- 6m 9s) (24500 81%) avg loss: 3.3752,6m 53s (- 1m 32s) (24500 81%) avg loss: 2.1858
avg bleu: 0.5033,avg bleu: 0.3848,avg bleu: 0.3382,avg bleu: 0.3980
running acc: 0.0000,running acc: 0.0000,running acc: 0.0000,running acc: 0.0000
ind acc avg: 0.4197,ind acc avg: 0.1878,ind acc avg: 0.0803,ind acc avg: 0.2360
5m 40s (- 1m 8s) (25000 83%) avg loss: 1.4656,10m 10s (- 2m 2s) (25000 83%) avg loss: 1.9549,28m 1s (- 5m 36s) (25000 83%) avg loss: 3.3845,7m 1s (- 1m 24s) (25000 83%) avg loss: 2.2073
avg bleu: 0.5171,avg bleu: 0.3938,avg bleu: 0.3433,avg bleu: 0.4147
running acc: 0.0040,running acc: 0.0000,running acc: 0.0000,running acc: 0.0000
ind acc avg: 0.4443,ind acc avg: 0.1906,ind acc avg: 0.0840,ind acc avg: 0.2392
5m 47s (- 1m 1s) (25500 85%) avg loss: 1.4676,10m 23s (- 1m 50s) (25500 85%) avg loss: 1.9676,28m 37s (- 5m 3s) (25500 85%) avg loss: 3.3798,7m 9s (- 1m 15s) (25500 85%) avg loss: 2.2148
avg bleu: 0.5189,avg bleu: 0.3955,avg bleu: 0.3399,avg bleu: 0.3982
running acc: 0.0000,running acc: 0.0000,running acc: 0.0000,running acc: 0.0000
ind acc avg: 0.4373,ind acc avg: 0.1998,ind acc avg: 0.0820,ind acc avg: 0.2310
5m 53s (- 0m 54s) (26000 86%) avg loss: 1.4220,10m 36s (- 1m 37s) (26000 86%) avg loss: 2.0646,29m 12s (- 4m 29s) (26000 86%) avg loss: 3.4252,7m 18s (- 1m 7s) (26000 86%) avg loss: 2.2273
avg bleu: 0.5151,avg bleu: 0.3935,avg bleu: 0.3508,avg bleu: 0.4061
running acc: 0.0000,running acc: 0.0000,running acc: 0.0000,running acc: 0.0000
ind acc avg: 0.4510,ind acc avg: 0.1802,ind acc avg: 0.0837,ind acc avg: 0.2357
5m 59s (- 0m 47s) (26500 88%) avg loss: 1.5056,10m 49s (- 1m 25s) (26500 88%) avg loss: 1.9724,29m 40s (- 3m 55s) (26500 88%) avg loss: 3.3213,7m 27s (- 0m 59s) (26500 88%) avg loss: 2.3132
avg bleu: 0.5074,avg bleu: 0.3949,avg bleu: 0.3414,avg bleu: 0.4000
running acc: 0.0020,running acc: 0.0000,running acc: 0.0000,running acc: 0.0000
ind acc avg: 0.4297,ind acc avg: 0.1906,ind acc avg: 0.0769,ind acc avg: 0.2310
6m 6s (- 0m 40s) (27000 90%) avg loss: 1.4911,11m 1s (- 1m 13s) (27000 90%) avg loss: 1.9612,30m 7s (- 3m 20s) (27000 90%) avg loss: 3.3759,7m 35s (- 0m 50s) (27000 90%) avg loss: 2.4100
avg bleu: 0.5098,avg bleu: 0.3992,avg bleu: 0.3411,avg bleu: 0.4128
running acc: 0.0040,running acc: 0.0000,running acc: 0.0000,running acc: 0.0000
ind acc avg: 0.4377,ind acc avg: 0.1898,ind acc avg: 0.0818,ind acc avg: 0.2127