1,2,4,3
0m 11s (- 11m 0s) (500 1%) avg loss: 1.9683,0m 17s (- 17m 21s) (500 1%) avg loss: 2.3140,0m 27s (- 26m 54s) (500 1%) avg loss: 2.3326,0m 8s (- 7m 59s) (500 1%) avg loss: 2.0523
avg bleu: 0.3271,avg bleu: 0.3640,avg bleu: 0.2890,avg bleu: 0.3285
running acc: 0.0000,running acc: 0.0000,running acc: 0.0000,running acc: 0.0000
ind acc avg: 0.1960,ind acc avg: 0.1436,ind acc avg: 0.1079,ind acc avg: 0.2010
0m 22s (- 10m 55s) (1000 3%) avg loss: 1.7201,0m 44s (- 21m 33s) (1000 3%) avg loss: 2.1296,0m 56s (- 27m 30s) (1000 3%) avg loss: 2.1548,0m 15s (- 7m 40s) (1000 3%) avg loss: 1.7709
avg bleu: 0.3349,avg bleu: 0.3751,avg bleu: 0.3288,avg bleu: 0.3353
running acc: 0.0000,running acc: 0.0000,running acc: 0.0000,running acc: 0.0000
ind acc avg: 0.2260,ind acc avg: 0.1826,ind acc avg: 0.1103,ind acc avg: 0.2247
0m 35s (- 11m 23s) (1500 5%) avg loss: 1.5444,1m 10s (- 22m 28s) (1500 5%) avg loss: 2.0056,1m 28s (- 27m 57s) (1500 5%) avg loss: 2.3157,0m 24s (- 7m 53s) (1500 5%) avg loss: 1.6881
avg bleu: 0.3641,avg bleu: 0.3778,avg bleu: 0.3101,avg bleu: 0.3462
running acc: 0.0000,running acc: 0.0000,running acc: 0.0000,running acc: 0.0000
ind acc avg: 0.2760,ind acc avg: 0.1814,ind acc avg: 0.1139,ind acc avg: 0.2407
0m 46s (- 10m 56s) (2000 6%) avg loss: 1.3623,1m 34s (- 22m 4s) (2000 6%) avg loss: 1.9680,2m 3s (- 28m 43s) (2000 6%) avg loss: 2.3662,0m 34s (- 7m 58s) (2000 6%) avg loss: 1.4295
avg bleu: 0.3953,avg bleu: 0.3954,avg bleu: 0.3050,avg bleu: 0.3898
running acc: 0.0000,running acc: 0.0000,running acc: 0.0000,running acc: 0.0000
ind acc avg: 0.3097,ind acc avg: 0.1866,ind acc avg: 0.1386,ind acc avg: 0.2910
0m 56s (- 10m 26s) (2500 8%) avg loss: 1.2804,1m 55s (- 21m 15s) (2500 8%) avg loss: 1.8543,2m 34s (- 28m 14s) (2500 8%) avg loss: 2.2085,0m 43s (- 7m 58s) (2500 8%) avg loss: 1.3761
avg bleu: 0.4256,avg bleu: 0.3865,avg bleu: 0.3137,avg bleu: 0.4076
running acc: 0.0000,running acc: 0.0000,running acc: 0.0000,running acc: 0.0000
ind acc avg: 0.3417,ind acc avg: 0.1972,ind acc avg: 0.1156,ind acc avg: 0.3120
1m 7s (- 10m 5s) (3000 10%) avg loss: 1.2624,2m 16s (- 20m 29s) (3000 10%) avg loss: 1.8802,3m 4s (- 27m 36s) (3000 10%) avg loss: 2.3232,0m 52s (- 7m 54s) (3000 10%) avg loss: 1.2410
avg bleu: 0.4291,avg bleu: 0.3924,avg bleu: 0.3004,avg bleu: 0.4382
running acc: 0.0020,running acc: 0.0000,running acc: 0.0000,running acc: 0.0000
ind acc avg: 0.3443,ind acc avg: 0.1942,ind acc avg: 0.1116,ind acc avg: 0.3637
1m 16s (- 9m 40s) (3500 11%) avg loss: 1.1986,2m 38s (- 19m 56s) (3500 11%) avg loss: 1.8956,3m 33s (- 26m 59s) (3500 11%) avg loss: 2.2946,1m 2s (- 7m 51s) (3500 11%) avg loss: 1.2373
avg bleu: 0.4496,avg bleu: 0.3778,avg bleu: 0.3331,avg bleu: 0.4439
running acc: 0.0020,running acc: 0.0000,running acc: 0.0000,running acc: 0.0020
ind acc avg: 0.3603,ind acc avg: 0.1972,ind acc avg: 0.1019,ind acc avg: 0.3647
1m 26s (- 9m 19s) (4000 13%) avg loss: 1.1886,2m 58s (- 19m 22s) (4000 13%) avg loss: 1.8370,4m 4s (- 26m 27s) (4000 13%) avg loss: 3.0565,1m 11s (- 7m 45s) (4000 13%) avg loss: 1.1991
avg bleu: 0.4473,avg bleu: 0.3761,avg bleu: 0.3050,avg bleu: 0.4769
running acc: 0.0060,running acc: 0.0000,running acc: 0.0000,running acc: 0.0020
ind acc avg: 0.3660,ind acc avg: 0.1998,ind acc avg: 0.0995,ind acc avg: 0.3860
1m 35s (- 8m 59s) (4500 15%) avg loss: 1.1225,3m 14s (- 18m 21s) (4500 15%) avg loss: 1.8239,4m 34s (- 25m 54s) (4500 15%) avg loss: 3.5406,1m 21s (- 7m 40s) (4500 15%) avg loss: 1.1682
avg bleu: 0.4765,avg bleu: 0.3831,avg bleu: 0.3249,avg bleu: 0.4744
running acc: 0.0020,running acc: 0.0000,running acc: 0.0000,running acc: 0.0040
ind acc avg: 0.4033,ind acc avg: 0.1952,ind acc avg: 0.0847,ind acc avg: 0.3907
1m 44s (- 8m 42s) (5000 16%) avg loss: 1.1317,3m 29s (- 17m 29s) (5000 16%) avg loss: 1.8325,5m 4s (- 25m 23s) (5000 16%) avg loss: 3.2584,1m 31s (- 7m 35s) (5000 16%) avg loss: 1.1827
avg bleu: 0.4845,avg bleu: 0.3761,avg bleu: 0.3376,avg bleu: 0.4745
running acc: 0.0040,running acc: 0.0000,running acc: 0.0000,running acc: 0.0020
ind acc avg: 0.4010,ind acc avg: 0.1968,ind acc avg: 0.0840,ind acc avg: 0.4033
1m 53s (- 8m 26s) (5500 18%) avg loss: 1.1093,3m 45s (- 16m 46s) (5500 18%) avg loss: 1.8703,5m 34s (- 24m 51s) (5500 18%) avg loss: 3.2421,1m 40s (- 7m 28s) (5500 18%) avg loss: 1.1553
avg bleu: 0.5100,avg bleu: 0.3897,avg bleu: 0.3381,avg bleu: 0.4814
running acc: 0.0080,running acc: 0.0000,running acc: 0.0000,running acc: 0.0040
ind acc avg: 0.4327,ind acc avg: 0.2014,ind acc avg: 0.0861,ind acc avg: 0.3997
2m 2s (- 8m 11s) (6000 20%) avg loss: 1.0396,4m 4s (- 16m 17s) (6000 20%) avg loss: 1.8928,6m 4s (- 24m 19s) (6000 20%) avg loss: 3.3866,1m 49s (- 7m 19s) (6000 20%) avg loss: 1.1018
avg bleu: 0.5362,avg bleu: 0.3908,avg bleu: 0.3308,avg bleu: 0.4945
running acc: 0.0080,running acc: 0.0000,running acc: 0.0000,running acc: 0.0060
ind acc avg: 0.4650,ind acc avg: 0.1916,ind acc avg: 0.0843,ind acc avg: 0.4250
2m 12s (- 7m 58s) (6500 21%) avg loss: 1.0347,4m 20s (- 15m 42s) (6500 21%) avg loss: 1.7957,6m 35s (- 23m 49s) (6500 21%) avg loss: 3.3162,1m 59s (- 7m 11s) (6500 21%) avg loss: 1.0597
avg bleu: 0.5288,avg bleu: 0.3864,avg bleu: 0.3389,avg bleu: 0.5159
running acc: 0.0080,running acc: 0.0000,running acc: 0.0000,running acc: 0.0060
ind acc avg: 0.4613,ind acc avg: 0.1992,ind acc avg: 0.0858,ind acc avg: 0.4417
2m 21s (- 7m 45s) (7000 23%) avg loss: 1.0032,4m 37s (- 15m 12s) (7000 23%) avg loss: 1.8539,7m 5s (- 23m 19s) (7000 23%) avg loss: 3.2829,2m 8s (- 7m 3s) (7000 23%) avg loss: 1.0939
avg bleu: 0.5523,avg bleu: 0.3828,avg bleu: 0.3420,avg bleu: 0.5170
running acc: 0.0040,running acc: 0.0000,running acc: 0.0000,running acc: 0.0060
ind acc avg: 0.4840,ind acc avg: 0.2012,ind acc avg: 0.0885,ind acc avg: 0.4460
2m 30s (- 7m 32s) (7500 25%) avg loss: 0.9746,4m 55s (- 14m 45s) (7500 25%) avg loss: 1.9712,7m 36s (- 22m 48s) (7500 25%) avg loss: 3.2121,2m 18s (- 6m 54s) (7500 25%) avg loss: 1.0755
avg bleu: 0.5735,avg bleu: 0.3998,avg bleu: 0.3397,avg bleu: 0.5248
running acc: 0.0100,running acc: 0.0000,running acc: 0.0000,running acc: 0.0020
ind acc avg: 0.5040,ind acc avg: 0.1968,ind acc avg: 0.0919,ind acc avg: 0.4453
2m 40s (- 7m 20s) (8000 26%) avg loss: 0.9839,5m 11s (- 14m 16s) (8000 26%) avg loss: 1.8577,8m 6s (- 22m 18s) (8000 26%) avg loss: 3.1519,2m 27s (- 6m 45s) (8000 26%) avg loss: 1.0636
avg bleu: 0.5728,avg bleu: 0.3914,avg bleu: 0.3636,avg bleu: 0.5163
running acc: 0.0140,running acc: 0.0000,running acc: 0.0000,running acc: 0.0020
ind acc avg: 0.5057,ind acc avg: 0.1988,ind acc avg: 0.0847,ind acc avg: 0.4383
2m 49s (- 7m 8s) (8500 28%) avg loss: 0.8468,5m 28s (- 13m 50s) (8500 28%) avg loss: 1.8345,8m 37s (- 21m 49s) (8500 28%) avg loss: 4.6615,2m 36s (- 6m 36s) (8500 28%) avg loss: 1.0492
avg bleu: 0.6229,avg bleu: 0.3883,avg bleu: 0.2953,avg bleu: 0.5281
running acc: 0.0220,running acc: 0.0000,running acc: 0.0000,running acc: 0.0100
ind acc avg: 0.5650,ind acc avg: 0.1974,ind acc avg: 0.0855,ind acc avg: 0.4570
2m 58s (- 6m 56s) (9000 30%) avg loss: 0.9139,5m 44s (- 13m 23s) (9000 30%) avg loss: 1.8003,9m 8s (- 21m 20s) (9000 30%) avg loss: 4.5690,2m 46s (- 6m 27s) (9000 30%) avg loss: 1.0344
avg bleu: 0.6047,avg bleu: 0.3764,avg bleu: 0.2450,avg bleu: 0.5353
running acc: 0.0160,running acc: 0.0000,running acc: 0.0000,running acc: 0.0020
ind acc avg: 0.5430,ind acc avg: 0.2040,ind acc avg: 0.0867,ind acc avg: 0.4643
3m 7s (- 6m 45s) (9500 31%) avg loss: 0.8472,6m 0s (- 12m 58s) (9500 31%) avg loss: 1.9185,9m 39s (- 20m 51s) (9500 31%) avg loss: 4.3754,2m 55s (- 6m 19s) (9500 31%) avg loss: 1.0248
avg bleu: 0.6198,avg bleu: 0.3831,avg bleu: 0.2703,avg bleu: 0.5387
running acc: 0.0100,running acc: 0.0000,running acc: 0.0000,running acc: 0.0040
ind acc avg: 0.5603,ind acc avg: 0.1960,ind acc avg: 0.0850,ind acc avg: 0.4680
3m 17s (- 6m 34s) (10000 33%) avg loss: 0.8488,6m 17s (- 12m 35s) (10000 33%) avg loss: 2.0081,10m 11s (- 20m 23s) (10000 33%) avg loss: 4.0312,3m 5s (- 6m 10s) (10000 33%) avg loss: 1.0134
avg bleu: 0.6206,avg bleu: 0.3864,avg bleu: 0.2760,avg bleu: 0.5419
running acc: 0.0200,running acc: 0.0000,running acc: 0.0000,running acc: 0.0060
ind acc avg: 0.5560,ind acc avg: 0.1922,ind acc avg: 0.0858,ind acc avg: 0.4670
3m 26s (- 6m 23s) (10500 35%) avg loss: 0.8223,6m 33s (- 12m 11s) (10500 35%) avg loss: 1.8708,10m 42s (- 19m 54s) (10500 35%) avg loss: 3.9003,3m 14s (- 6m 1s) (10500 35%) avg loss: 1.0286
avg bleu: 0.6344,avg bleu: 0.3980,avg bleu: 0.2885,avg bleu: 0.5511
running acc: 0.0320,running acc: 0.0000,running acc: 0.0000,running acc: 0.0080
ind acc avg: 0.5807,ind acc avg: 0.2030,ind acc avg: 0.0889,ind acc avg: 0.4757
3m 35s (- 6m 12s) (11000 36%) avg loss: 0.7828,6m 50s (- 11m 49s) (11000 36%) avg loss: 2.0109,11m 14s (- 19m 25s) (11000 36%) avg loss: 4.0924,3m 23s (- 5m 52s) (11000 36%) avg loss: 0.9976
avg bleu: 0.6506,avg bleu: 0.4048,avg bleu: 0.2932,avg bleu: 0.5495
running acc: 0.0200,running acc: 0.0000,running acc: 0.0000,running acc: 0.0020
ind acc avg: 0.5947,ind acc avg: 0.1876,ind acc avg: 0.0897,ind acc avg: 0.4763
3m 44s (- 6m 1s) (11500 38%) avg loss: 0.7105,7m 8s (- 11m 28s) (11500 38%) avg loss: 1.9335,11m 45s (- 18m 55s) (11500 38%) avg loss: 3.8834,3m 33s (- 5m 42s) (11500 38%) avg loss: 0.9770
avg bleu: 0.6659,avg bleu: 0.3920,avg bleu: 0.2939,avg bleu: 0.5654
running acc: 0.0300,running acc: 0.0000,running acc: 0.0000,running acc: 0.0060
ind acc avg: 0.6187,ind acc avg: 0.2002,ind acc avg: 0.0886,ind acc avg: 0.4870
3m 54s (- 5m 51s) (12000 40%) avg loss: 0.8191,7m 25s (- 11m 8s) (12000 40%) avg loss: 1.8979,12m 17s (- 18m 26s) (12000 40%) avg loss: 4.0042,3m 42s (- 5m 33s) (12000 40%) avg loss: 1.0267
avg bleu: 0.6490,avg bleu: 0.3891,avg bleu: 0.2902,avg bleu: 0.5505
running acc: 0.0300,running acc: 0.0000,running acc: 0.0000,running acc: 0.0100
ind acc avg: 0.5863,ind acc avg: 0.2050,ind acc avg: 0.0890,ind acc avg: 0.4777
4m 3s (- 5m 40s) (12500 41%) avg loss: 0.7116,7m 42s (- 10m 46s) (12500 41%) avg loss: 1.8639,12m 48s (- 17m 56s) (12500 41%) avg loss: 4.1077,3m 51s (- 5m 24s) (12500 41%) avg loss: 0.9873
avg bleu: 0.6881,avg bleu: 0.3749,avg bleu: 0.2896,avg bleu: 0.5611
running acc: 0.0320,running acc: 0.0000,running acc: 0.0000,running acc: 0.0020
ind acc avg: 0.6280,ind acc avg: 0.1948,ind acc avg: 0.0901,ind acc avg: 0.4970
4m 12s (- 5m 30s) (13000 43%) avg loss: 0.7770,7m 58s (- 10m 26s) (13000 43%) avg loss: 1.8912,13m 19s (- 17m 26s) (13000 43%) avg loss: 3.7393,4m 1s (- 5m 15s) (13000 43%) avg loss: 0.9274
avg bleu: 0.6547,avg bleu: 0.3993,avg bleu: 0.3098,avg bleu: 0.5726
running acc: 0.0180,running acc: 0.0000,running acc: 0.0000,running acc: 0.0100
ind acc avg: 0.5920,ind acc avg: 0.1950,ind acc avg: 0.0873,ind acc avg: 0.5113
4m 21s (- 5m 20s) (13500 45%) avg loss: 0.7412,8m 17s (- 10m 7s) (13500 45%) avg loss: 1.8489,13m 51s (- 16m 56s) (13500 45%) avg loss: 3.9712,4m 10s (- 5m 6s) (13500 45%) avg loss: 0.9342
avg bleu: 0.6707,avg bleu: 0.3891,avg bleu: 0.2834,avg bleu: 0.5819
running acc: 0.0360,running acc: 0.0000,running acc: 0.0000,running acc: 0.0100
ind acc avg: 0.6180,ind acc avg: 0.1952,ind acc avg: 0.0902,ind acc avg: 0.5160
4m 31s (- 5m 9s) (14000 46%) avg loss: 0.7033,8m 33s (- 9m 47s) (14000 46%) avg loss: 1.8199,14m 22s (- 16m 25s) (14000 46%) avg loss: 3.7299,4m 20s (- 4m 57s) (14000 46%) avg loss: 0.8996
avg bleu: 0.6731,avg bleu: 0.3848,avg bleu: 0.3095,avg bleu: 0.5867
running acc: 0.0300,running acc: 0.0000,running acc: 0.0000,running acc: 0.0060
ind acc avg: 0.6247,ind acc avg: 0.1990,ind acc avg: 0.0868,ind acc avg: 0.5320
4m 40s (- 4m 59s) (14500 48%) avg loss: 0.7187,8m 50s (- 9m 27s) (14500 48%) avg loss: 1.8439,14m 54s (- 15m 56s) (14500 48%) avg loss: 3.7334,4m 29s (- 4m 48s) (14500 48%) avg loss: 0.9360
avg bleu: 0.6763,avg bleu: 0.3925,avg bleu: 0.3091,avg bleu: 0.5798
running acc: 0.0240,running acc: 0.0000,running acc: 0.0000,running acc: 0.0020
ind acc avg: 0.6137,ind acc avg: 0.2030,ind acc avg: 0.0893,ind acc avg: 0.5163
4m 49s (- 4m 49s) (15000 50%) avg loss: 0.7333,9m 7s (- 9m 7s) (15000 50%) avg loss: 1.8253,15m 26s (- 15m 26s) (15000 50%) avg loss: 3.6963,4m 38s (- 4m 38s) (15000 50%) avg loss: 0.9489
avg bleu: 0.6748,avg bleu: 0.3925,avg bleu: 0.3102,avg bleu: 0.5878
running acc: 0.0200,running acc: 0.0000,running acc: 0.0000,running acc: 0.0100
ind acc avg: 0.6273,ind acc avg: 0.1924,ind acc avg: 0.0931,ind acc avg: 0.5193
4m 59s (- 4m 39s) (15500 51%) avg loss: 0.7532,9m 23s (- 8m 47s) (15500 51%) avg loss: 1.8289,15m 57s (- 14m 55s) (15500 51%) avg loss: 3.6881,4m 51s (- 4m 32s) (15500 51%) avg loss: 2.3802
avg bleu: 0.6671,avg bleu: 0.3852,avg bleu: 0.3170,avg bleu: 0.3783
running acc: 0.0140,running acc: 0.0000,running acc: 0.0000,running acc: 0.0000
ind acc avg: 0.6173,ind acc avg: 0.1994,ind acc avg: 0.0893,ind acc avg: 0.2228
5m 8s (- 4m 29s) (16000 53%) avg loss: 0.7630,9m 40s (- 8m 27s) (16000 53%) avg loss: 1.8114,16m 28s (- 14m 24s) (16000 53%) avg loss: 3.5974,5m 3s (- 4m 25s) (16000 53%) avg loss: 1.9743
avg bleu: 0.6693,avg bleu: 0.4000,avg bleu: 0.3133,avg bleu: 0.4113
running acc: 0.0200,running acc: 0.0000,running acc: 0.0000,running acc: 0.0000
ind acc avg: 0.6097,ind acc avg: 0.1980,ind acc avg: 0.0838,ind acc avg: 0.2555
5m 17s (- 4m 20s) (16500 55%) avg loss: 0.7611,9m 57s (- 8m 9s) (16500 55%) avg loss: 1.8099,16m 59s (- 13m 54s) (16500 55%) avg loss: 3.5771,5m 16s (- 4m 18s) (16500 55%) avg loss: 1.8456
avg bleu: 0.6673,avg bleu: 0.3924,avg bleu: 0.3264,avg bleu: 0.4247
running acc: 0.0160,running acc: 0.0000,running acc: 0.0000,running acc: 0.0000
ind acc avg: 0.6127,ind acc avg: 0.1970,ind acc avg: 0.0908,ind acc avg: 0.2792
5m 27s (- 4m 10s) (17000 56%) avg loss: 0.7426,10m 14s (- 7m 49s) (17000 56%) avg loss: 1.8188,17m 30s (- 13m 23s) (17000 56%) avg loss: 3.5938,5m 28s (- 4m 11s) (17000 56%) avg loss: 1.7571
avg bleu: 0.6760,avg bleu: 0.3865,avg bleu: 0.3283,avg bleu: 0.4453
running acc: 0.0400,running acc: 0.0000,running acc: 0.0000,running acc: 0.0000
ind acc avg: 0.6193,ind acc avg: 0.1932,ind acc avg: 0.0872,ind acc avg: 0.3195
5m 36s (- 4m 0s) (17500 58%) avg loss: 0.7268,10m 30s (- 7m 30s) (17500 58%) avg loss: 1.8073,18m 1s (- 12m 52s) (17500 58%) avg loss: 3.4904,5m 41s (- 4m 3s) (17500 58%) avg loss: 1.7963
avg bleu: 0.6772,avg bleu: 0.3915,avg bleu: 0.3268,avg bleu: 0.4315
running acc: 0.0320,running acc: 0.0000,running acc: 0.0000,running acc: 0.0000
ind acc avg: 0.6277,ind acc avg: 0.1964,ind acc avg: 0.0844,ind acc avg: 0.2848
5m 46s (- 3m 50s) (18000 60%) avg loss: 0.6905,10m 47s (- 7m 11s) (18000 60%) avg loss: 1.7817,18m 32s (- 12m 21s) (18000 60%) avg loss: 3.5284,5m 53s (- 3m 55s) (18000 60%) avg loss: 1.7155
avg bleu: 0.6908,avg bleu: 0.3837,avg bleu: 0.3257,avg bleu: 0.4371
running acc: 0.0300,running acc: 0.0000,running acc: 0.0000,running acc: 0.0000
ind acc avg: 0.6407,ind acc avg: 0.2028,ind acc avg: 0.0842,ind acc avg: 0.2993
5m 55s (- 3m 41s) (18500 61%) avg loss: 0.7420,11m 3s (- 6m 52s) (18500 61%) avg loss: 1.7823,19m 3s (- 11m 50s) (18500 61%) avg loss: 3.4713,6m 6s (- 3m 47s) (18500 61%) avg loss: 1.7095
avg bleu: 0.6781,avg bleu: 0.3923,avg bleu: 0.3328,avg bleu: 0.4576
running acc: 0.0220,running acc: 0.0000,running acc: 0.0000,running acc: 0.0000
ind acc avg: 0.6257,ind acc avg: 0.1996,ind acc avg: 0.0861,ind acc avg: 0.3100
6m 5s (- 3m 31s) (19000 63%) avg loss: 0.6863,11m 19s (- 6m 33s) (19000 63%) avg loss: 2.0081,19m 33s (- 11m 19s) (19000 63%) avg loss: 3.4395,6m 18s (- 3m 39s) (19000 63%) avg loss: 1.6649
avg bleu: 0.6952,avg bleu: 0.4053,avg bleu: 0.3263,avg bleu: 0.4437
running acc: 0.0240,running acc: 0.0000,running acc: 0.0000,running acc: 0.0000
ind acc avg: 0.6443,ind acc avg: 0.1914,ind acc avg: 0.0872,ind acc avg: 0.3075
6m 14s (- 3m 21s) (19500 65%) avg loss: 0.6970,11m 36s (- 6m 15s) (19500 65%) avg loss: 1.8741,20m 4s (- 10m 48s) (19500 65%) avg loss: 3.4153,6m 31s (- 3m 30s) (19500 65%) avg loss: 1.7189
avg bleu: 0.6863,avg bleu: 0.3908,avg bleu: 0.3325,avg bleu: 0.4407
running acc: 0.0300,running acc: 0.0000,running acc: 0.0000,running acc: 0.0000
ind acc avg: 0.6467,ind acc avg: 0.2014,ind acc avg: 0.0886,ind acc avg: 0.2933
6m 24s (- 3m 12s) (20000 66%) avg loss: 0.6842,11m 52s (- 5m 56s) (20000 66%) avg loss: 1.8571,20m 35s (- 10m 17s) (20000 66%) avg loss: 3.3508,6m 43s (- 3m 21s) (20000 66%) avg loss: 1.6341
avg bleu: 0.6939,avg bleu: 0.3963,avg bleu: 0.3377,avg bleu: 0.4689
running acc: 0.0260,running acc: 0.0000,running acc: 0.0000,running acc: 0.0000
ind acc avg: 0.6497,ind acc avg: 0.1986,ind acc avg: 0.0859,ind acc avg: 0.3300
6m 34s (- 3m 2s) (20500 68%) avg loss: 0.7179,12m 9s (- 5m 38s) (20500 68%) avg loss: 1.8236,21m 6s (- 9m 46s) (20500 68%) avg loss: 3.2417,6m 59s (- 3m 14s) (20500 68%) avg loss: 2.5683
avg bleu: 0.6925,avg bleu: 0.3836,avg bleu: 0.3547,avg bleu: 0.3982
running acc: 0.0240,running acc: 0.0000,running acc: 0.0000,running acc: 0.0000
ind acc avg: 0.6437,ind acc avg: 0.1980,ind acc avg: 0.0830,ind acc avg: 0.1918
6m 43s (- 2m 53s) (21000 70%) avg loss: 0.7168,12m 25s (- 5m 19s) (21000 70%) avg loss: 1.9390,21m 37s (- 9m 15s) (21000 70%) avg loss: 3.3477,7m 14s (- 3m 6s) (21000 70%) avg loss: 2.3090
avg bleu: 0.6930,avg bleu: 0.3857,avg bleu: 0.3483,avg bleu: 0.4136
running acc: 0.0120,running acc: 0.0000,running acc: 0.0000,running acc: 0.0000
ind acc avg: 0.6287,ind acc avg: 0.1910,ind acc avg: 0.0899,ind acc avg: 0.2124
6m 53s (- 2m 43s) (21500 71%) avg loss: 0.7428,12m 41s (- 5m 1s) (21500 71%) avg loss: 2.0149,22m 7s (- 8m 45s) (21500 71%) avg loss: 3.4040,7m 30s (- 2m 57s) (21500 71%) avg loss: 2.2980
avg bleu: 0.6723,avg bleu: 0.4080,avg bleu: 0.3357,avg bleu: 0.4119
running acc: 0.0300,running acc: 0.0000,running acc: 0.0000,running acc: 0.0000
ind acc avg: 0.6183,ind acc avg: 0.1894,ind acc avg: 0.0873,ind acc avg: 0.2054
7m 2s (- 2m 33s) (22000 73%) avg loss: 0.7670,12m 59s (- 4m 43s) (22000 73%) avg loss: 1.9007,22m 38s (- 8m 14s) (22000 73%) avg loss: 3.3333,7m 45s (- 2m 49s) (22000 73%) avg loss: 2.2207
avg bleu: 0.6717,avg bleu: 0.4010,avg bleu: 0.3384,avg bleu: 0.4095
running acc: 0.0280,running acc: 0.0000,running acc: 0.0000,running acc: 0.0000
ind acc avg: 0.6207,ind acc avg: 0.2060,ind acc avg: 0.0878,ind acc avg: 0.2116
7m 12s (- 2m 24s) (22500 75%) avg loss: 0.7137,13m 18s (- 4m 26s) (22500 75%) avg loss: 1.8906,23m 9s (- 7m 43s) (22500 75%) avg loss: 3.3379,8m 1s (- 2m 40s) (22500 75%) avg loss: 2.2237
avg bleu: 0.6893,avg bleu: 0.3902,avg bleu: 0.3321,avg bleu: 0.4050
running acc: 0.0220,running acc: 0.0000,running acc: 0.0000,running acc: 0.0000
ind acc avg: 0.6363,ind acc avg: 0.2030,ind acc avg: 0.0885,ind acc avg: 0.2154
7m 21s (- 2m 14s) (23000 76%) avg loss: 0.7376,13m 35s (- 4m 8s) (23000 76%) avg loss: 1.8832,23m 40s (- 7m 12s) (23000 76%) avg loss: 3.2832,8m 16s (- 2m 31s) (23000 76%) avg loss: 2.1962
avg bleu: 0.6882,avg bleu: 0.4136,avg bleu: 0.3446,avg bleu: 0.4226
running acc: 0.0220,running acc: 0.0000,running acc: 0.0000,running acc: 0.0000
ind acc avg: 0.6240,ind acc avg: 0.2054,ind acc avg: 0.0875,ind acc avg: 0.2188
7m 31s (- 2m 4s) (23500 78%) avg loss: 0.7387,13m 52s (- 3m 50s) (23500 78%) avg loss: 1.8411,24m 10s (- 6m 41s) (23500 78%) avg loss: 3.2978,8m 32s (- 2m 21s) (23500 78%) avg loss: 2.1934
avg bleu: 0.6749,avg bleu: 0.4025,avg bleu: 0.3471,avg bleu: 0.4213
running acc: 0.0260,running acc: 0.0000,running acc: 0.0000,running acc: 0.0000
ind acc avg: 0.6270,ind acc avg: 0.2008,ind acc avg: 0.0886,ind acc avg: 0.2258
7m 40s (- 1m 55s) (24000 80%) avg loss: 0.7261,14m 9s (- 3m 32s) (24000 80%) avg loss: 1.8701,24m 41s (- 6m 10s) (24000 80%) avg loss: 3.2643,8m 47s (- 2m 11s) (24000 80%) avg loss: 2.2006
avg bleu: 0.6951,avg bleu: 0.3893,avg bleu: 0.3451,avg bleu: 0.4144
running acc: 0.0380,running acc: 0.0000,running acc: 0.0000,running acc: 0.0000
ind acc avg: 0.6350,ind acc avg: 0.1998,ind acc avg: 0.0852,ind acc avg: 0.2198
7m 49s (- 1m 45s) (24500 81%) avg loss: 0.7002,14m 27s (- 3m 14s) (24500 81%) avg loss: 2.2564,25m 12s (- 5m 39s) (24500 81%) avg loss: 3.2241,9m 3s (- 2m 1s) (24500 81%) avg loss: 2.1893
avg bleu: 0.6853,avg bleu: 0.3566,avg bleu: 0.3462,avg bleu: 0.4179
running acc: 0.0260,running acc: 0.0000,running acc: 0.0000,running acc: 0.0000
ind acc avg: 0.6407,ind acc avg: 0.1782,ind acc avg: 0.0857,ind acc avg: 0.2246
7m 59s (- 1m 35s) (25000 83%) avg loss: 0.6889,14m 43s (- 2m 56s) (25000 83%) avg loss: 2.0314,25m 43s (- 5m 8s) (25000 83%) avg loss: 3.2561,9m 18s (- 1m 51s) (25000 83%) avg loss: 2.2111
avg bleu: 0.6982,avg bleu: 0.3960,avg bleu: 0.3440,avg bleu: 0.4194
running acc: 0.0260,running acc: 0.0000,running acc: 0.0000,running acc: 0.0000
ind acc avg: 0.6413,ind acc avg: 0.2000,ind acc avg: 0.0885,ind acc avg: 0.2238
8m 8s (- 1m 26s) (25500 85%) avg loss: 0.6947,14m 59s (- 2m 38s) (25500 85%) avg loss: 1.9329,26m 13s (- 4m 37s) (25500 85%) avg loss: 3.2673,9m 38s (- 1m 42s) (25500 85%) avg loss: 2.9467
avg bleu: 0.6901,avg bleu: 0.4039,avg bleu: 0.3503,avg bleu: 0.3958
running acc: 0.0240,running acc: 0.0000,running acc: 0.0000,running acc: 0.0000
ind acc avg: 0.6363,ind acc avg: 0.2040,ind acc avg: 0.0836,ind acc avg: 0.1330
8m 18s (- 1m 16s) (26000 86%) avg loss: 0.6864,15m 16s (- 2m 21s) (26000 86%) avg loss: 1.9099,26m 44s (- 4m 6s) (26000 86%) avg loss: 3.2029,9m 59s (- 1m 32s) (26000 86%) avg loss: 2.8189
avg bleu: 0.6990,avg bleu: 0.3956,avg bleu: 0.3612,avg bleu: 0.3892
running acc: 0.0240,running acc: 0.0000,running acc: 0.0000,running acc: 0.0000
ind acc avg: 0.6383,ind acc avg: 0.1994,ind acc avg: 0.0855,ind acc avg: 0.1320
8m 27s (- 1m 7s) (26500 88%) avg loss: 0.6903,15m 33s (- 2m 3s) (26500 88%) avg loss: 1.9075,27m 15s (- 3m 35s) (26500 88%) avg loss: 3.3560,10m 19s (- 1m 21s) (26500 88%) avg loss: 2.7859
avg bleu: 0.6795,avg bleu: 0.3952,avg bleu: 0.3326,avg bleu: 0.3818
running acc: 0.0180,running acc: 0.0000,running acc: 0.0000,running acc: 0.0000
ind acc avg: 0.6450,ind acc avg: 0.2072,ind acc avg: 0.0905,ind acc avg: 0.1343
8m 37s (- 0m 57s) (27000 90%) avg loss: 0.6741,15m 50s (- 1m 45s) (27000 90%) avg loss: 1.9148,27m 45s (- 3m 5s) (27000 90%) avg loss: 3.2981,10m 39s (- 1m 11s) (27000 90%) avg loss: 2.7836
avg bleu: 0.7049,avg bleu: 0.3959,avg bleu: 0.3490,avg bleu: 0.3993
running acc: 0.0440,running acc: 0.0000,running acc: 0.0000,running acc: 0.0000
ind acc avg: 0.6573,ind acc avg: 0.2062,ind acc avg: 0.0826,ind acc avg: 0.1485
8m 46s (- 0m 47s) (27500 91%) avg loss: 0.6660,16m 7s (- 1m 27s) (27500 91%) avg loss: 1.9007,28m 16s (- 2m 34s) (27500 91%) avg loss: 3.1880,11m 0s (- 1m 0s) (27500 91%) avg loss: 2.7885
avg bleu: 0.6953,avg bleu: 0.3865,avg bleu: 0.3646,avg bleu: 0.3978
running acc: 0.0220,running acc: 0.0000,running acc: 0.0000,running acc: 0.0000
ind acc avg: 0.6480,ind acc avg: 0.2020,ind acc avg: 0.0897,ind acc avg: 0.1375
8m 56s (- 0m 38s) (28000 93%) avg loss: 0.6882,16m 22s (- 1m 10s) (28000 93%) avg loss: 1.8974,28m 47s (- 2m 3s) (28000 93%) avg loss: 3.2145,11m 20s (- 0m 48s) (28000 93%) avg loss: 2.7863
avg bleu: 0.6969,avg bleu: 0.3809,avg bleu: 0.3421,avg bleu: 0.3897
running acc: 0.0120,running acc: 0.0000,running acc: 0.0000,running acc: 0.0000
ind acc avg: 0.6430,ind acc avg: 0.1936,ind acc avg: 0.0919,ind acc avg: 0.1414
9m 5s (- 0m 28s) (28500 95%) avg loss: 0.7180,16m 40s (- 0m 52s) (28500 95%) avg loss: 1.8923,29m 18s (- 1m 32s) (28500 95%) avg loss: 3.1971,11m 40s (- 0m 36s) (28500 95%) avg loss: 2.7867
avg bleu: 0.6896,avg bleu: 0.4033,avg bleu: 0.3670,avg bleu: 0.3908
running acc: 0.0360,running acc: 0.0000,running acc: 0.0000,running acc: 0.0000
ind acc avg: 0.6400,ind acc avg: 0.2050,ind acc avg: 0.0833,ind acc avg: 0.1482
9m 15s (- 0m 19s) (29000 96%) avg loss: 0.6745,16m 57s (- 0m 35s) (29000 96%) avg loss: 1.8767,29m 49s (- 1m 1s) (29000 96%) avg loss: 3.2573,12m 1s (- 0m 24s) (29000 96%) avg loss: 2.8177
avg bleu: 0.7035,avg bleu: 0.3997,avg bleu: 0.3495,avg bleu: 0.3975
running acc: 0.0380,running acc: 0.0000,running acc: 0.0000,running acc: 0.0000
ind acc avg: 0.6557,ind acc avg: 0.2048,ind acc avg: 0.0855,ind acc avg: 0.1399
9m 24s (- 0m 9s) (29500 98%) avg loss: 0.6816,17m 16s (- 0m 17s) (29500 98%) avg loss: 1.9900,30m 20s (- 0m 30s) (29500 98%) avg loss: 3.2691,12m 21s (- 0m 12s) (29500 98%) avg loss: 2.8033
avg bleu: 0.7127,avg bleu: 0.4046,avg bleu: 0.3596,avg bleu: 0.3794
running acc: 0.0340,running acc: 0.0000,running acc: 0.0000,running acc: 0.0000
ind acc avg: 0.6643,ind acc avg: 0.1950,ind acc avg: 0.0879,ind acc avg: 0.1453
9m 34s (- 0m 0s) (30000 100%) avg loss: 0.7603,17m 34s (- 0m 0s) (30000 100%) avg loss: 1.9409,30m 51s (- 0m 0s) (30000 100%) avg loss: 3.2953,12m 41s (- 0m 0s) (30000 100%) avg loss: 2.7801
avg bleu: 0.6842,avg bleu: 0.4090,avg bleu: 0.3523,avg bleu: 0.3995
running acc: 0.0180,running acc: 0.0000,running acc: 0.0000,running acc: 0.0000
ind acc avg: 0.6243,ind acc avg: 0.2004,ind acc avg: 0.0880,ind acc avg: 0.1449
0m 9s (- 9m 35s) (500 1%) avg loss: 0.7900,0m 23s (- 23m 12s) (500 1%) avg loss: 1.9023,0m 30s (- 30m 4s) (500 1%) avg loss: 3.1884,0m 9s (- 9m 39s) (500 1%) avg loss: 2.0824
avg bleu: 0.6755,avg bleu: 0.4069,avg bleu: 0.3593,avg bleu: 0.3607
running acc: 0.0340,running acc: 0.0000,running acc: 0.0000,running acc: 0.0000
ind acc avg: 0.6253,ind acc avg: 0.1936,ind acc avg: 0.0910,ind acc avg: 0.2377
0m 19s (- 9m 14s) (1000 3%) avg loss: 0.7307,0m 43s (- 21m 0s) (1000 3%) avg loss: 1.8822,1m 0s (- 29m 9s) (1000 3%) avg loss: 3.2089,0m 19s (- 9m 22s) (1000 3%) avg loss: 1.8091
avg bleu: 0.6849,avg bleu: 0.3998,avg bleu: 0.3397,avg bleu: 0.3941
running acc: 0.0180,running acc: 0.0000,running acc: 0.0000,running acc: 0.0000
ind acc avg: 0.6353,ind acc avg: 0.2072,ind acc avg: 0.0904,ind acc avg: 0.2910
0m 28s (- 9m 0s) (1500 5%) avg loss: 0.7071,1m 3s (- 20m 5s) (1500 5%) avg loss: 1.8769,1m 29s (- 28m 26s) (1500 5%) avg loss: 3.1781,0m 28s (- 9m 8s) (1500 5%) avg loss: 1.7556
avg bleu: 0.6985,avg bleu: 0.4026,avg bleu: 0.3565,avg bleu: 0.4051
running acc: 0.0500,running acc: 0.0000,running acc: 0.0000,running acc: 0.0020
ind acc avg: 0.6477,ind acc avg: 0.2090,ind acc avg: 0.0874,ind acc avg: 0.2840
0m 37s (- 8m 49s) (2000 6%) avg loss: 0.6932,1m 23s (- 19m 28s) (2000 6%) avg loss: 1.8538,1m 59s (- 27m 55s) (2000 6%) avg loss: 3.2985,0m 38s (- 8m 55s) (2000 6%) avg loss: 1.7112
avg bleu: 0.7071,avg bleu: 0.3940,avg bleu: 0.3419,avg bleu: 0.4095
running acc: 0.0240,running acc: 0.0000,running acc: 0.0000,running acc: 0.0000
ind acc avg: 0.6490,ind acc avg: 0.2026,ind acc avg: 0.0943,ind acc avg: 0.2930
0m 47s (- 8m 39s) (2500 8%) avg loss: 0.7022,1m 43s (- 19m 2s) (2500 8%) avg loss: 1.9081,2m 29s (- 27m 23s) (2500 8%) avg loss: 3.2696,0m 47s (- 8m 44s) (2500 8%) avg loss: 1.6801
avg bleu: 0.7049,avg bleu: 0.4156,avg bleu: 0.3544,avg bleu: 0.4153
running acc: 0.0220,running acc: 0.0000,running acc: 0.0000,running acc: 0.0000
ind acc avg: 0.6370,ind acc avg: 0.1962,ind acc avg: 0.0890,ind acc avg: 0.3107
0m 56s (- 8m 29s) (3000 10%) avg loss: 0.7038,2m 4s (- 18m 38s) (3000 10%) avg loss: 1.9059,2m 59s (- 26m 51s) (3000 10%) avg loss: 3.2501,0m 57s (- 8m 34s) (3000 10%) avg loss: 1.6020
avg bleu: 0.7115,avg bleu: 0.4035,avg bleu: 0.3503,avg bleu: 0.4322
running acc: 0.0240,running acc: 0.0000,running acc: 0.0000,running acc: 0.0000
ind acc avg: 0.6400,ind acc avg: 0.1970,ind acc avg: 0.0903,ind acc avg: 0.3297
1m 6s (- 8m 20s) (3500 11%) avg loss: 0.7337,2m 24s (- 18m 12s) (3500 11%) avg loss: 1.8625,3m 29s (- 26m 26s) (3500 11%) avg loss: 3.3063,1m 6s (- 8m 24s) (3500 11%) avg loss: 1.6221
avg bleu: 0.6760,avg bleu: 0.3976,avg bleu: 0.3486,avg bleu: 0.4286
running acc: 0.0200,running acc: 0.0000,running acc: 0.0000,running acc: 0.0000
ind acc avg: 0.6307,ind acc avg: 0.2064,ind acc avg: 0.0893,ind acc avg: 0.3217
1m 15s (- 8m 10s) (4000 13%) avg loss: 0.6977,2m 44s (- 17m 48s) (4000 13%) avg loss: 1.8486,3m 59s (- 25m 55s) (4000 13%) avg loss: 3.2656,1m 16s (- 8m 15s) (4000 13%) avg loss: 1.5712
avg bleu: 0.6957,avg bleu: 0.4069,avg bleu: 0.3557,avg bleu: 0.4563
running acc: 0.0320,running acc: 0.0000,running acc: 0.0000,running acc: 0.0020
ind acc avg: 0.6517,ind acc avg: 0.2046,ind acc avg: 0.0895,ind acc avg: 0.3513
1m 24s (- 8m 1s) (4500 15%) avg loss: 0.6794,3m 4s (- 17m 23s) (4500 15%) avg loss: 1.8493,4m 29s (- 25m 26s) (4500 15%) avg loss: 3.2780,1m 25s (- 8m 5s) (4500 15%) avg loss: 1.5873
avg bleu: 0.6997,avg bleu: 0.3933,avg bleu: 0.3556,avg bleu: 0.4402
running acc: 0.0340,running acc: 0.0000,running acc: 0.0000,running acc: 0.0020
ind acc avg: 0.6637,ind acc avg: 0.1980,ind acc avg: 0.0880,ind acc avg: 0.3330
1m 34s (- 7m 51s) (5000 16%) avg loss: 0.6702,3m 24s (- 17m 1s) (5000 16%) avg loss: 1.8640,4m 59s (- 24m 55s) (5000 16%) avg loss: 3.1833,1m 34s (- 7m 54s) (5000 16%) avg loss: 1.5541
avg bleu: 0.7095,avg bleu: 0.3990,avg bleu: 0.3612,avg bleu: 0.4481
running acc: 0.0400,running acc: 0.0000,running acc: 0.0000,running acc: 0.0000
ind acc avg: 0.6617,ind acc avg: 0.1994,ind acc avg: 0.0922,ind acc avg: 0.3667
1m 43s (- 7m 41s) (5500 18%) avg loss: 0.6787,3m 44s (- 16m 40s) (5500 18%) avg loss: 1.8480,5m 29s (- 24m 25s) (5500 18%) avg loss: 3.2232,1m 44s (- 7m 45s) (5500 18%) avg loss: 1.5648
avg bleu: 0.7148,avg bleu: 0.3966,avg bleu: 0.3573,avg bleu: 0.4404
running acc: 0.0360,running acc: 0.0000,running acc: 0.0000,running acc: 0.0020
ind acc avg: 0.6643,ind acc avg: 0.2012,ind acc avg: 0.0911,ind acc avg: 0.3380
1m 53s (- 7m 32s) (6000 20%) avg loss: 0.6977,4m 4s (- 16m 17s) (6000 20%) avg loss: 1.8533,5m 58s (- 23m 54s) (6000 20%) avg loss: 3.2727,1m 53s (- 7m 35s) (6000 20%) avg loss: 1.5350
avg bleu: 0.7031,avg bleu: 0.4051,avg bleu: 0.3514,avg bleu: 0.4469
running acc: 0.0320,running acc: 0.0000,running acc: 0.0000,running acc: 0.0000
ind acc avg: 0.6413,ind acc avg: 0.2068,ind acc avg: 0.0885,ind acc avg: 0.3447
2m 2s (- 7m 22s) (6500 21%) avg loss: 0.7289,4m 24s (- 15m 57s) (6500 21%) avg loss: 1.8378,6m 28s (- 23m 24s) (6500 21%) avg loss: 3.3344,2m 3s (- 7m 26s) (6500 21%) avg loss: 1.5494
avg bleu: 0.6877,avg bleu: 0.3998,avg bleu: 0.3469,avg bleu: 0.4441
running acc: 0.0080,running acc: 0.0000,running acc: 0.0000,running acc: 0.0020
ind acc avg: 0.6347,ind acc avg: 0.1996,ind acc avg: 0.0840,ind acc avg: 0.3473
2m 11s (- 7m 13s) (7000 23%) avg loss: 0.7425,4m 45s (- 15m 39s) (7000 23%) avg loss: 1.8984,6m 58s (- 22m 54s) (7000 23%) avg loss: 3.2515,2m 12s (- 7m 16s) (7000 23%) avg loss: 1.5435
avg bleu: 0.6982,avg bleu: 0.3933,avg bleu: 0.3574,avg bleu: 0.4464
running acc: 0.0340,running acc: 0.0000,running acc: 0.0000,running acc: 0.0020
ind acc avg: 0.6453,ind acc avg: 0.1926,ind acc avg: 0.0874,ind acc avg: 0.3433
2m 21s (- 7m 3s) (7500 25%) avg loss: 0.8566,5m 5s (- 15m 17s) (7500 25%) avg loss: 1.9036,7m 28s (- 22m 24s) (7500 25%) avg loss: 3.3588,2m 22s (- 7m 7s) (7500 25%) avg loss: 1.5301
avg bleu: 0.6555,avg bleu: 0.3925,avg bleu: 0.3454,avg bleu: 0.4579
running acc: 0.0240,running acc: 0.0000,running acc: 0.0000,running acc: 0.0080
ind acc avg: 0.5937,ind acc avg: 0.1874,ind acc avg: 0.0864,ind acc avg: 0.3577
2m 30s (- 6m 54s) (8000 26%) avg loss: 0.7910,5m 24s (- 14m 51s) (8000 26%) avg loss: 1.9091,7m 58s (- 21m 54s) (8000 26%) avg loss: 3.3259,2m 31s (- 6m 57s) (8000 26%) avg loss: 1.4816
avg bleu: 0.6767,avg bleu: 0.3994,avg bleu: 0.3456,avg bleu: 0.4624
running acc: 0.0160,running acc: 0.0000,running acc: 0.0000,running acc: 0.0060
ind acc avg: 0.6150,ind acc avg: 0.1958,ind acc avg: 0.0876,ind acc avg: 0.3760
2m 40s (- 6m 44s) (8500 28%) avg loss: 0.7511,5m 43s (- 14m 27s) (8500 28%) avg loss: 1.8693,8m 27s (- 21m 24s) (8500 28%) avg loss: 3.3584,2m 41s (- 6m 48s) (8500 28%) avg loss: 1.4843
avg bleu: 0.6891,avg bleu: 0.3920,avg bleu: 0.3344,avg bleu: 0.4649
running acc: 0.0320,running acc: 0.0000,running acc: 0.0000,running acc: 0.0000
ind acc avg: 0.6397,ind acc avg: 0.1960,ind acc avg: 0.0926,ind acc avg: 0.3733
2m 49s (- 6m 35s) (9000 30%) avg loss: 0.8595,6m 2s (- 14m 6s) (9000 30%) avg loss: 1.8601,8m 57s (- 20m 54s) (9000 30%) avg loss: 3.3112,2m 50s (- 6m 38s) (9000 30%) avg loss: 1.4208
avg bleu: 0.6625,avg bleu: 0.4058,avg bleu: 0.3472,avg bleu: 0.4691
running acc: 0.0260,running acc: 0.0000,running acc: 0.0000,running acc: 0.0060
ind acc avg: 0.6073,ind acc avg: 0.2006,ind acc avg: 0.0896,ind acc avg: 0.3797
2m 58s (- 6m 26s) (9500 31%) avg loss: 0.7644,6m 22s (- 13m 45s) (9500 31%) avg loss: 1.8477,9m 27s (- 20m 24s) (9500 31%) avg loss: 3.6035,3m 0s (- 6m 29s) (9500 31%) avg loss: 1.4504
avg bleu: 0.6902,avg bleu: 0.4005,avg bleu: 0.3180,avg bleu: 0.4757
running acc: 0.0260,running acc: 0.0000,running acc: 0.0000,running acc: 0.0020
ind acc avg: 0.6290,ind acc avg: 0.2058,ind acc avg: 0.0851,ind acc avg: 0.3937
3m 8s (- 6m 16s) (10000 33%) avg loss: 0.7630,6m 42s (- 13m 24s) (10000 33%) avg loss: 1.8572,9m 57s (- 19m 54s) (10000 33%) avg loss: 3.5598,3m 9s (- 6m 19s) (10000 33%) avg loss: 1.4610
avg bleu: 0.6983,avg bleu: 0.3957,avg bleu: 0.3098,avg bleu: 0.4757
running acc: 0.0380,running acc: 0.0000,running acc: 0.0000,running acc: 0.0020
ind acc avg: 0.6377,ind acc avg: 0.1934,ind acc avg: 0.0939,ind acc avg: 0.3750
3m 17s (- 6m 7s) (10500 35%) avg loss: 0.8080,7m 3s (- 13m 7s) (10500 35%) avg loss: 1.8933,10m 26s (- 19m 23s) (10500 35%) avg loss: 3.3887,3m 19s (- 6m 10s) (10500 35%) avg loss: 1.5402
avg bleu: 0.6873,avg bleu: 0.4017,avg bleu: 0.3346,avg bleu: 0.4640
running acc: 0.0300,running acc: 0.0000,running acc: 0.0000,running acc: 0.0040
ind acc avg: 0.6310,ind acc avg: 0.2008,ind acc avg: 0.0910,ind acc avg: 0.3763
3m 27s (- 5m 57s) (11000 36%) avg loss: 0.8242,7m 21s (- 12m 42s) (11000 36%) avg loss: 2.0818,10m 56s (- 18m 53s) (11000 36%) avg loss: 3.3684,3m 28s (- 6m 0s) (11000 36%) avg loss: 1.5069
avg bleu: 0.6707,avg bleu: 0.4046,avg bleu: 0.3311,avg bleu: 0.4554
running acc: 0.0240,running acc: 0.0000,running acc: 0.0000,running acc: 0.0020
ind acc avg: 0.6247,ind acc avg: 0.1948,ind acc avg: 0.0873,ind acc avg: 0.3683
3m 36s (- 5m 48s) (11500 38%) avg loss: 0.7620,7m 38s (- 12m 18s) (11500 38%) avg loss: 2.1155,11m 25s (- 18m 23s) (11500 38%) avg loss: 3.4265,3m 38s (- 5m 51s) (11500 38%) avg loss: 1.4775
avg bleu: 0.6781,avg bleu: 0.3997,avg bleu: 0.3323,avg bleu: 0.4783
running acc: 0.0220,running acc: 0.0000,running acc: 0.0000,running acc: 0.0000
ind acc avg: 0.6263,ind acc avg: 0.1844,ind acc avg: 0.0866,ind acc avg: 0.3820
3m 46s (- 5m 39s) (12000 40%) avg loss: 0.7371,8m 4s (- 12m 7s) (12000 40%) avg loss: 2.0600,11m 55s (- 17m 52s) (12000 40%) avg loss: 3.3538,3m 47s (- 5m 41s) (12000 40%) avg loss: 1.5023
avg bleu: 0.6864,avg bleu: 0.4167,avg bleu: 0.3277,avg bleu: 0.4695
running acc: 0.0140,running acc: 0.0000,running acc: 0.0000,running acc: 0.0020
ind acc avg: 0.6367,ind acc avg: 0.1972,ind acc avg: 0.0832,ind acc avg: 0.3777
3m 55s (- 5m 29s) (12500 41%) avg loss: 0.7605,8m 25s (- 11m 47s) (12500 41%) avg loss: 2.0408,12m 24s (- 17m 22s) (12500 41%) avg loss: 3.3526,3m 57s (- 5m 32s) (12500 41%) avg loss: 1.4906
avg bleu: 0.6864,avg bleu: 0.4128,avg bleu: 0.3440,avg bleu: 0.4763
running acc: 0.0300,running acc: 0.0000,running acc: 0.0000,running acc: 0.0000
ind acc avg: 0.6403,ind acc avg: 0.1946,ind acc avg: 0.0881,ind acc avg: 0.3780
4m 4s (- 5m 20s) (13000 43%) avg loss: 0.7570,8m 42s (- 11m 23s) (13000 43%) avg loss: 1.9988,12m 54s (- 16m 52s) (13000 43%) avg loss: 3.3164,4m 6s (- 5m 22s) (13000 43%) avg loss: 1.4642
avg bleu: 0.6979,avg bleu: 0.4071,avg bleu: 0.3468,avg bleu: 0.4845
running acc: 0.0340,running acc: 0.0000,running acc: 0.0000,running acc: 0.0020
ind acc avg: 0.6427,ind acc avg: 0.1988,ind acc avg: 0.0888,ind acc avg: 0.3963
4m 14s (- 5m 10s) (13500 45%) avg loss: 0.7936,8m 58s (- 10m 58s) (13500 45%) avg loss: 2.0800,13m 24s (- 16m 22s) (13500 45%) avg loss: 3.3065,4m 16s (- 5m 13s) (13500 45%) avg loss: 1.4028
avg bleu: 0.6805,avg bleu: 0.4095,avg bleu: 0.3480,avg bleu: 0.4948
running acc: 0.0320,running acc: 0.0000,running acc: 0.0000,running acc: 0.0020
ind acc avg: 0.6257,ind acc avg: 0.2034,ind acc avg: 0.0899,ind acc avg: 0.4057
4m 23s (- 5m 1s) (14000 46%) avg loss: 0.8450,9m 17s (- 10m 37s) (14000 46%) avg loss: 2.1350,13m 53s (- 15m 52s) (14000 46%) avg loss: 3.2773,4m 25s (- 5m 3s) (14000 46%) avg loss: 1.4049
avg bleu: 0.6635,avg bleu: 0.4227,avg bleu: 0.3491,avg bleu: 0.4862
running acc: 0.0220,running acc: 0.0000,running acc: 0.0000,running acc: 0.0060
ind acc avg: 0.6087,ind acc avg: 0.1950,ind acc avg: 0.0870,ind acc avg: 0.4100
4m 33s (- 4m 51s) (14500 48%) avg loss: 0.7992,9m 37s (- 10m 17s) (14500 48%) avg loss: 2.0720,14m 23s (- 15m 22s) (14500 48%) avg loss: 3.2842,4m 35s (- 4m 54s) (14500 48%) avg loss: 1.4694
avg bleu: 0.6728,avg bleu: 0.4202,avg bleu: 0.3468,avg bleu: 0.4875
running acc: 0.0380,running acc: 0.0000,running acc: 0.0000,running acc: 0.0020
ind acc avg: 0.6280,ind acc avg: 0.2004,ind acc avg: 0.0873,ind acc avg: 0.3960
4m 42s (- 4m 42s) (15000 50%) avg loss: 0.8848,9m 57s (- 9m 57s) (15000 50%) avg loss: 2.0262,14m 53s (- 14m 53s) (15000 50%) avg loss: 3.3143,4m 44s (- 4m 44s) (15000 50%) avg loss: 1.4624
avg bleu: 0.6542,avg bleu: 0.4169,avg bleu: 0.3432,avg bleu: 0.4771
running acc: 0.0240,running acc: 0.0000,running acc: 0.0000,running acc: 0.0000
ind acc avg: 0.6047,ind acc avg: 0.2036,ind acc avg: 0.0806,ind acc avg: 0.3910
4m 51s (- 4m 33s) (15500 51%) avg loss: 0.8893,10m 17s (- 9m 37s) (15500 51%) avg loss: 2.0505,15m 22s (- 14m 23s) (15500 51%) avg loss: 3.3160,4m 56s (- 4m 37s) (15500 51%) avg loss: 2.8222
avg bleu: 0.6637,avg bleu: 0.4167,avg bleu: 0.3492,avg bleu: 0.3652
running acc: 0.0360,running acc: 0.0000,running acc: 0.0000,running acc: 0.0000
ind acc avg: 0.6103,ind acc avg: 0.2042,ind acc avg: 0.0884,ind acc avg: 0.2000
5m 1s (- 4m 23s) (16000 53%) avg loss: 0.9344,10m 36s (- 9m 17s) (16000 53%) avg loss: 2.0832,15m 52s (- 13m 53s) (16000 53%) avg loss: 3.3061,5m 9s (- 4m 30s) (16000 53%) avg loss: 2.2870
avg bleu: 0.6431,avg bleu: 0.4091,avg bleu: 0.3465,avg bleu: 0.3902
running acc: 0.0100,running acc: 0.0000,running acc: 0.0000,running acc: 0.0000
ind acc avg: 0.5867,ind acc avg: 0.2000,ind acc avg: 0.0828,ind acc avg: 0.2215
5m 10s (- 4m 14s) (16500 55%) avg loss: 0.9075,10m 56s (- 8m 56s) (16500 55%) avg loss: 2.0550,16m 22s (- 13m 23s) (16500 55%) avg loss: 3.3619,5m 21s (- 4m 23s) (16500 55%) avg loss: 2.2508
avg bleu: 0.6485,avg bleu: 0.4130,avg bleu: 0.3389,avg bleu: 0.4013
running acc: 0.0280,running acc: 0.0000,running acc: 0.0000,running acc: 0.0000
ind acc avg: 0.6003,ind acc avg: 0.1958,ind acc avg: 0.0885,ind acc avg: 0.2260
5m 20s (- 4m 4s) (17000 56%) avg loss: 0.8304,11m 15s (- 8m 36s) (17000 56%) avg loss: 2.0305,16m 51s (- 12m 53s) (17000 56%) avg loss: 3.3851,5m 33s (- 4m 15s) (17000 56%) avg loss: 2.1626
avg bleu: 0.6635,avg bleu: 0.4184,avg bleu: 0.3388,avg bleu: 0.4033
running acc: 0.0200,running acc: 0.0000,running acc: 0.0000,running acc: 0.0000
ind acc avg: 0.6140,ind acc avg: 0.1988,ind acc avg: 0.0926,ind acc avg: 0.2425
5m 29s (- 3m 55s) (17500 58%) avg loss: 0.7871,11m 35s (- 8m 16s) (17500 58%) avg loss: 2.0127,17m 20s (- 12m 23s) (17500 58%) avg loss: 3.2955,5m 46s (- 4m 7s) (17500 58%) avg loss: 2.1621
avg bleu: 0.6918,avg bleu: 0.4130,avg bleu: 0.3483,avg bleu: 0.4160
running acc: 0.0220,running acc: 0.0000,running acc: 0.0000,running acc: 0.0000
ind acc avg: 0.6333,ind acc avg: 0.1992,ind acc avg: 0.0876,ind acc avg: 0.2460
5m 38s (- 3m 45s) (18000 60%) avg loss: 0.9125,11m 54s (- 7m 56s) (18000 60%) avg loss: 2.0238,17m 50s (- 11m 53s) (18000 60%) avg loss: 3.4036,5m 58s (- 3m 59s) (18000 60%) avg loss: 2.1430
avg bleu: 0.6412,avg bleu: 0.4146,avg bleu: 0.3386,avg bleu: 0.4069
running acc: 0.0160,running acc: 0.0000,running acc: 0.0000,running acc: 0.0000
ind acc avg: 0.5953,ind acc avg: 0.2112,ind acc avg: 0.0881,ind acc avg: 0.2365
5m 48s (- 3m 36s) (18500 61%) avg loss: 0.9332,12m 9s (- 7m 33s) (18500 61%) avg loss: 2.0164,18m 19s (- 11m 23s) (18500 61%) avg loss: 3.4379,6m 11s (- 3m 50s) (18500 61%) avg loss: 2.1099
avg bleu: 0.6382,avg bleu: 0.4060,avg bleu: 0.3381,avg bleu: 0.4118
running acc: 0.0180,running acc: 0.0000,running acc: 0.0000,running acc: 0.0000
ind acc avg: 0.5800,ind acc avg: 0.1974,ind acc avg: 0.0885,ind acc avg: 0.2492
5m 57s (- 3m 27s) (19000 63%) avg loss: 0.8796,12m 25s (- 7m 11s) (19000 63%) avg loss: 2.0154,18m 48s (- 10m 53s) (19000 63%) avg loss: 3.2892,6m 23s (- 3m 42s) (19000 63%) avg loss: 2.0927
avg bleu: 0.6679,avg bleu: 0.4136,avg bleu: 0.3406,avg bleu: 0.4234
running acc: 0.0180,running acc: 0.0000,running acc: 0.0000,running acc: 0.0000
ind acc avg: 0.5977,ind acc avg: 0.2028,ind acc avg: 0.0866,ind acc avg: 0.2450
6m 7s (- 3m 17s) (19500 65%) avg loss: 0.8718,12m 41s (- 6m 50s) (19500 65%) avg loss: 2.0195,19m 17s (- 10m 23s) (19500 65%) avg loss: 3.3653,6m 35s (- 3m 33s) (19500 65%) avg loss: 2.0555
avg bleu: 0.6617,avg bleu: 0.4294,avg bleu: 0.3422,avg bleu: 0.4210
running acc: 0.0180,running acc: 0.0000,running acc: 0.0000,running acc: 0.0000
ind acc avg: 0.6027,ind acc avg: 0.2050,ind acc avg: 0.0882,ind acc avg: 0.2577
6m 16s (- 3m 8s) (20000 66%) avg loss: 0.9632,12m 57s (- 6m 28s) (20000 66%) avg loss: 2.0067,19m 47s (- 9m 53s) (20000 66%) avg loss: 3.2578,6m 48s (- 3m 24s) (20000 66%) avg loss: 2.1667
avg bleu: 0.6475,avg bleu: 0.4084,avg bleu: 0.3508,avg bleu: 0.4076
running acc: 0.0080,running acc: 0.0000,running acc: 0.0000,running acc: 0.0000
ind acc avg: 0.5857,ind acc avg: 0.2022,ind acc avg: 0.0891,ind acc avg: 0.2380
6m 26s (- 2m 58s) (20500 68%) avg loss: 1.0391,13m 15s (- 6m 8s) (20500 68%) avg loss: 2.0000,20m 16s (- 9m 23s) (20500 68%) avg loss: 3.3745,7m 3s (- 3m 16s) (20500 68%) avg loss: 3.3981
avg bleu: 0.6213,avg bleu: 0.4159,avg bleu: 0.3374,avg bleu: 0.3998
running acc: 0.0100,running acc: 0.0000,running acc: 0.0000,running acc: 0.0000
ind acc avg: 0.5523,ind acc avg: 0.2002,ind acc avg: 0.0859,ind acc avg: 0.1686
6m 35s (- 2m 49s) (21000 70%) avg loss: 0.9664,13m 32s (- 5m 48s) (21000 70%) avg loss: 1.9633,20m 46s (- 8m 54s) (21000 70%) avg loss: 3.3424,7m 19s (- 3m 8s) (21000 70%) avg loss: 3.6884
avg bleu: 0.6344,avg bleu: 0.4122,avg bleu: 0.3424,avg bleu: 0.3870
running acc: 0.0160,running acc: 0.0000,running acc: 0.0000,running acc: 0.0000
ind acc avg: 0.5713,ind acc avg: 0.2084,ind acc avg: 0.0842,ind acc avg: 0.1586
6m 45s (- 2m 40s) (21500 71%) avg loss: 0.9441,13m 49s (- 5m 27s) (21500 71%) avg loss: 1.9664,21m 15s (- 8m 24s) (21500 71%) avg loss: 3.3558,7m 34s (- 2m 59s) (21500 71%) avg loss: 3.8233
avg bleu: 0.6329,avg bleu: 0.4134,avg bleu: 0.3380,avg bleu: 0.4037
running acc: 0.0240,running acc: 0.0000,running acc: 0.0000,running acc: 0.0000
ind acc avg: 0.5830,ind acc avg: 0.2050,ind acc avg: 0.0889,ind acc avg: 0.1698
6m 54s (- 2m 30s) (22000 73%) avg loss: 1.0150,14m 11s (- 5m 9s) (22000 73%) avg loss: 1.9739,21m 45s (- 7m 54s) (22000 73%) avg loss: 3.3784,7m 50s (- 2m 51s) (22000 73%) avg loss: 3.0123
avg bleu: 0.6300,avg bleu: 0.4155,avg bleu: 0.3341,avg bleu: 0.4095
running acc: 0.0160,running acc: 0.0000,running acc: 0.0000,running acc: 0.0000
ind acc avg: 0.5703,ind acc avg: 0.2062,ind acc avg: 0.0920,ind acc avg: 0.1636
7m 3s (- 2m 21s) (22500 75%) avg loss: 1.0255,14m 31s (- 4m 50s) (22500 75%) avg loss: 2.2939,22m 14s (- 7m 24s) (22500 75%) avg loss: 3.3684,8m 5s (- 2m 41s) (22500 75%) avg loss: 2.6039
avg bleu: 0.6225,avg bleu: 0.4191,avg bleu: 0.3404,avg bleu: 0.4058
running acc: 0.0120,running acc: 0.0000,running acc: 0.0000,running acc: 0.0000
ind acc avg: 0.5607,ind acc avg: 0.1954,ind acc avg: 0.0900,ind acc avg: 0.1808
7m 13s (- 2m 11s) (23000 76%) avg loss: 1.0434,14m 51s (- 4m 31s) (23000 76%) avg loss: 2.2089,22m 44s (- 6m 55s) (23000 76%) avg loss: 3.2760,8m 21s (- 2m 32s) (23000 76%) avg loss: 2.6050
avg bleu: 0.6163,avg bleu: 0.4193,avg bleu: 0.3496,avg bleu: 0.4002
running acc: 0.0160,running acc: 0.0000,running acc: 0.0000,running acc: 0.0000
ind acc avg: 0.5547,ind acc avg: 0.2044,ind acc avg: 0.0871,ind acc avg: 0.1690
7m 22s (- 2m 2s) (23500 78%) avg loss: 0.9453,15m 13s (- 4m 12s) (23500 78%) avg loss: 2.2004,23m 12s (- 6m 25s) (23500 78%) avg loss: 3.3349,8m 36s (- 2m 22s) (23500 78%) avg loss: 2.5374
avg bleu: 0.6400,avg bleu: 0.4068,avg bleu: 0.3462,avg bleu: 0.4136
running acc: 0.0120,running acc: 0.0000,running acc: 0.0000,running acc: 0.0000
ind acc avg: 0.5757,ind acc avg: 0.1922,ind acc avg: 0.0829,ind acc avg: 0.1918
7m 32s (- 1m 53s) (24000 80%) avg loss: 1.2073,15m 34s (- 3m 53s) (24000 80%) avg loss: 2.2141,23m 43s (- 5m 55s) (24000 80%) avg loss: 3.3568,8m 53s (- 2m 13s) (24000 80%) avg loss: 2.5834
avg bleu: 0.5917,avg bleu: 0.4147,avg bleu: 0.3433,avg bleu: 0.3977
running acc: 0.0120,running acc: 0.0000,running acc: 0.0000,running acc: 0.0000
ind acc avg: 0.5177,ind acc avg: 0.1908,ind acc avg: 0.0874,ind acc avg: 0.1792
7m 41s (- 1m 43s) (24500 81%) avg loss: 1.2393,15m 56s (- 3m 34s) (24500 81%) avg loss: 2.2038,24m 12s (- 5m 26s) (24500 81%) avg loss: 3.3342,9m 8s (- 2m 3s) (24500 81%) avg loss: 2.5878
avg bleu: 0.5753,avg bleu: 0.4134,avg bleu: 0.3342,avg bleu: 0.3948
running acc: 0.0140,running acc: 0.0000,running acc: 0.0000,running acc: 0.0000
ind acc avg: 0.5033,ind acc avg: 0.1946,ind acc avg: 0.0855,ind acc avg: 0.1734
7m 50s (- 1m 34s) (25000 83%) avg loss: 1.3550,16m 16s (- 3m 15s) (25000 83%) avg loss: 2.1775,24m 41s (- 4m 56s) (25000 83%) avg loss: 3.3842,9m 24s (- 1m 52s) (25000 83%) avg loss: 2.5899
avg bleu: 0.5386,avg bleu: 0.4291,avg bleu: 0.3449,avg bleu: 0.4049
running acc: 0.0140,running acc: 0.0000,running acc: 0.0000,running acc: 0.0000
ind acc avg: 0.4667,ind acc avg: 0.2062,ind acc avg: 0.0838,ind acc avg: 0.1770
8m 0s (- 1m 24s) (25500 85%) avg loss: 1.2029,16m 36s (- 2m 55s) (25500 85%) avg loss: 2.1892,25m 10s (- 4m 26s) (25500 85%) avg loss: 3.3591,9m 44s (- 1m 43s) (25500 85%) avg loss: 2.9393
avg bleu: 0.5753,avg bleu: 0.4076,avg bleu: 0.3485,avg bleu: 0.4112
running acc: 0.0060,running acc: 0.0000,running acc: 0.0000,running acc: 0.0000
ind acc avg: 0.5000,ind acc avg: 0.1930,ind acc avg: 0.0873,ind acc avg: 0.1363
8m 9s (- 1m 15s) (26000 86%) avg loss: 1.2526,16m 56s (- 2m 36s) (26000 86%) avg loss: 2.2287,25m 40s (- 3m 56s) (26000 86%) avg loss: 3.4248,10m 4s (- 1m 32s) (26000 86%) avg loss: 2.8939
avg bleu: 0.5618,avg bleu: 0.4129,avg bleu: 0.3255,avg bleu: 0.3992
running acc: 0.0080,running acc: 0.0000,running acc: 0.0000,running acc: 0.0000
ind acc avg: 0.4877,ind acc avg: 0.1906,ind acc avg: 0.0899,ind acc avg: 0.1280
8m 18s (- 1m 5s) (26500 88%) avg loss: 1.2902,17m 16s (- 2m 16s) (26500 88%) avg loss: 2.2147,26m 9s (- 3m 27s) (26500 88%) avg loss: 3.3818,10m 24s (- 1m 22s) (26500 88%) avg loss: 2.8875
avg bleu: 0.5464,avg bleu: 0.4152,avg bleu: 0.3464,avg bleu: 0.3955
running acc: 0.0040,running acc: 0.0000,running acc: 0.0000,running acc: 0.0000
ind acc avg: 0.4690,ind acc avg: 0.1916,ind acc avg: 0.0879,ind acc avg: 0.1355
8m 28s (- 0m 56s) (27000 90%) avg loss: 1.2450,17m 39s (- 1m 57s) (27000 90%) avg loss: 2.1947,26m 39s (- 2m 57s) (27000 90%) avg loss: 3.4038,10m 44s (- 1m 11s) (27000 90%) avg loss: 2.9009
avg bleu: 0.5608,avg bleu: 0.4190,avg bleu: 0.3391,avg bleu: 0.3989
running acc: 0.0060,running acc: 0.0000,running acc: 0.0000,running acc: 0.0000
ind acc avg: 0.4887,ind acc avg: 0.1944,ind acc avg: 0.0899,ind acc avg: 0.1338
8m 37s (- 0m 47s) (27500 91%) avg loss: 1.3791,17m 59s (- 1m 38s) (27500 91%) avg loss: 2.2070,27m 8s (- 2m 28s) (27500 91%) avg loss: 3.3552,11m 4s (- 1m 0s) (27500 91%) avg loss: 2.9019
avg bleu: 0.5439,avg bleu: 0.4117,avg bleu: 0.3411,avg bleu: 0.3981
running acc: 0.0060,running acc: 0.0000,running acc: 0.0000,running acc: 0.0000
ind acc avg: 0.4643,ind acc avg: 0.1906,ind acc avg: 0.0859,ind acc avg: 0.1358
8m 47s (- 0m 37s) (28000 93%) avg loss: 1.6276,18m 19s (- 1m 18s) (28000 93%) avg loss: 2.2146,27m 37s (- 1m 58s) (28000 93%) avg loss: 3.2786,11m 24s (- 0m 48s) (28000 93%) avg loss: 2.8879
avg bleu: 0.5062,avg bleu: 0.4273,avg bleu: 0.3496,avg bleu: 0.3912
running acc: 0.0080,running acc: 0.0000,running acc: 0.0000,running acc: 0.0000
ind acc avg: 0.4143,ind acc avg: 0.2044,ind acc avg: 0.0926,ind acc avg: 0.1346
8m 56s (- 0m 28s) (28500 95%) avg loss: 1.4131,18m 39s (- 0m 58s) (28500 95%) avg loss: 2.1911,28m 7s (- 1m 28s) (28500 95%) avg loss: 3.2238,11m 45s (- 0m 37s) (28500 95%) avg loss: 2.9234
avg bleu: 0.5137,avg bleu: 0.4188,avg bleu: 0.3521,avg bleu: 0.3845
running acc: 0.0060,running acc: 0.0000,running acc: 0.0000,running acc: 0.0000
ind acc avg: 0.4307,ind acc avg: 0.1994,ind acc avg: 0.0890,ind acc avg: 0.1338
9m 5s (- 0m 18s) (29000 96%) avg loss: 1.8224,18m 59s (- 0m 39s) (29000 96%) avg loss: 2.1966,28m 36s (- 0m 59s) (29000 96%) avg loss: 3.3496,12m 5s (- 0m 25s) (29000 96%) avg loss: 2.9173
avg bleu: 0.4676,avg bleu: 0.4096,avg bleu: 0.3494,avg bleu: 0.3883
running acc: 0.0000,running acc: 0.0000,running acc: 0.0000,running acc: 0.0000
ind acc avg: 0.3623,ind acc avg: 0.2010,ind acc avg: 0.0925,ind acc avg: 0.1332
9m 15s (- 0m 9s) (29500 98%) avg loss: 1.7719,19m 21s (- 0m 19s) (29500 98%) avg loss: 2.1916,29m 6s (- 0m 29s) (29500 98%) avg loss: 3.2694,12m 26s (- 0m 12s) (29500 98%) avg loss: 2.9026
avg bleu: 0.4645,avg bleu: 0.4248,avg bleu: 0.3498,avg bleu: 0.3819
running acc: 0.0000,running acc: 0.0000,running acc: 0.0000,running acc: 0.0000
ind acc avg: 0.3593,ind acc avg: 0.1998,ind acc avg: 0.0865,ind acc avg: 0.1319
9m 24s (- 0m 0s) (30000 100%) avg loss: 2.0882,19m 42s (- 0m 0s) (30000 100%) avg loss: 2.1951,29m 35s (- 0m 0s) (30000 100%) avg loss: 3.3079,12m 46s (- 0m 0s) (30000 100%) avg loss: 2.8678
avg bleu: 0.3943,avg bleu: 0.4146,avg bleu: 0.3399,avg bleu: 0.4008
running acc: 0.0000,running acc: 0.0000,running acc: 0.0000,running acc: 0.0000
ind acc avg: 0.2740,ind acc avg: 0.1988,ind acc avg: 0.0893,ind acc avg: 0.1269
0m 9s (- 9m 23s) (500 1%) avg loss: 1.8336,0m 20s (- 20m 2s) (500 1%) avg loss: 2.1951,0m 30s (- 29m 40s) (500 1%) avg loss: 3.3027,0m 9s (- 9m 36s) (500 1%) avg loss: 2.3391
avg bleu: 0.4334,avg bleu: 0.4191,avg bleu: 0.3569,avg bleu: 0.3670
running acc: 0.0000,running acc: 0.0000,running acc: 0.0000,running acc: 0.0000
ind acc avg: 0.3083,ind acc avg: 0.2018,ind acc avg: 0.0850,ind acc avg: 0.2143
0m 18s (- 9m 3s) (1000 3%) avg loss: 1.7847,0m 40s (- 19m 45s) (1000 3%) avg loss: 2.1779,0m 59s (- 28m 59s) (1000 3%) avg loss: 3.2776,0m 19s (- 9m 14s) (1000 3%) avg loss: 2.1723
avg bleu: 0.4297,avg bleu: 0.4230,avg bleu: 0.3544,avg bleu: 0.3695
running acc: 0.0000,running acc: 0.0000,running acc: 0.0000,running acc: 0.0000
ind acc avg: 0.3270,ind acc avg: 0.2134,ind acc avg: 0.0863,ind acc avg: 0.2277
0m 27s (- 8m 51s) (1500 5%) avg loss: 1.7488,1m 0s (- 19m 14s) (1500 5%) avg loss: 2.1817,1m 29s (- 28m 25s) (1500 5%) avg loss: 3.2578,0m 28s (- 9m 4s) (1500 5%) avg loss: 2.1735
avg bleu: 0.4551,avg bleu: 0.4249,avg bleu: 0.3516,avg bleu: 0.3659
running acc: 0.0000,running acc: 0.0000,running acc: 0.0000,running acc: 0.0000
ind acc avg: 0.3567,ind acc avg: 0.2044,ind acc avg: 0.0838,ind acc avg: 0.2287
0m 37s (- 8m 40s) (2000 6%) avg loss: 1.7165,1m 20s (- 18m 49s) (2000 6%) avg loss: 2.1727,1m 59s (- 27m 53s) (2000 6%) avg loss: 3.2760,0m 38s (- 8m 53s) (2000 6%) avg loss: 2.1131
avg bleu: 0.4639,avg bleu: 0.4143,avg bleu: 0.3581,avg bleu: 0.3743
running acc: 0.0040,running acc: 0.0000,running acc: 0.0000,running acc: 0.0000
ind acc avg: 0.3597,ind acc avg: 0.2062,ind acc avg: 0.0891,ind acc avg: 0.2363
0m 46s (- 8m 30s) (2500 8%) avg loss: 1.6917,1m 40s (- 18m 27s) (2500 8%) avg loss: 2.1775,2m 29s (- 27m 21s) (2500 8%) avg loss: 3.3062,0m 47s (- 8m 42s) (2500 8%) avg loss: 2.0234
avg bleu: 0.4687,avg bleu: 0.4050,avg bleu: 0.3460,avg bleu: 0.3757
running acc: 0.0000,running acc: 0.0000,running acc: 0.0000,running acc: 0.0000
ind acc avg: 0.3530,ind acc avg: 0.1946,ind acc avg: 0.0882,ind acc avg: 0.2480
0m 55s (- 8m 20s) (3000 10%) avg loss: 1.6185,2m 1s (- 18m 9s) (3000 10%) avg loss: 2.1740,2m 58s (- 26m 49s) (3000 10%) avg loss: 3.1984,0m 57s (- 8m 38s) (3000 10%) avg loss: 2.0675
avg bleu: 0.4769,avg bleu: 0.4138,avg bleu: 0.3522,avg bleu: 0.3875
running acc: 0.0000,running acc: 0.0000,running acc: 0.0000,running acc: 0.0000
ind acc avg: 0.3797,ind acc avg: 0.1986,ind acc avg: 0.0888,ind acc avg: 0.2493
1m 4s (- 8m 10s) (3500 11%) avg loss: 1.5534,2m 21s (- 17m 51s) (3500 11%) avg loss: 2.1652,3m 28s (- 26m 20s) (3500 11%) avg loss: 3.3137,1m 7s (- 8m 29s) (3500 11%) avg loss: 2.0583
avg bleu: 0.4928,avg bleu: 0.4119,avg bleu: 0.3452,avg bleu: 0.3709
running acc: 0.0000,running acc: 0.0000,running acc: 0.0000,running acc: 0.0000
ind acc avg: 0.3853,ind acc avg: 0.1980,ind acc avg: 0.0889,ind acc avg: 0.2397
1m 14s (- 8m 1s) (4000 13%) avg loss: 1.5081,2m 42s (- 17m 33s) (4000 13%) avg loss: 2.1735,3m 58s (- 25m 51s) (4000 13%) avg loss: 3.3364,1m 18s (- 8m 29s) (4000 13%) avg loss: 2.0363
avg bleu: 0.4961,avg bleu: 0.4202,avg bleu: 0.3474,avg bleu: 0.3825
running acc: 0.0020,running acc: 0.0000,running acc: 0.0000,running acc: 0.0000
ind acc avg: 0.4073,ind acc avg: 0.1982,ind acc avg: 0.0836,ind acc avg: 0.2453
1m 23s (- 7m 52s) (4500 15%) avg loss: 1.4845,3m 3s (- 17m 20s) (4500 15%) avg loss: 2.2015,4m 28s (- 25m 21s) (4500 15%) avg loss: 3.2718,1m 28s (- 8m 21s) (4500 15%) avg loss: 2.0042
avg bleu: 0.5100,avg bleu: 0.4223,avg bleu: 0.3520,avg bleu: 0.3915
running acc: 0.0020,running acc: 0.0000,running acc: 0.0000,running acc: 0.0000
ind acc avg: 0.4247,ind acc avg: 0.1862,ind acc avg: 0.0893,ind acc avg: 0.2663
1m 32s (- 7m 43s) (5000 16%) avg loss: 1.5369,3m 23s (- 16m 57s) (5000 16%) avg loss: 2.2181,4m 58s (- 24m 51s) (5000 16%) avg loss: 3.3595,1m 38s (- 8m 11s) (5000 16%) avg loss: 2.0117
avg bleu: 0.4995,avg bleu: 0.4179,avg bleu: 0.3469,avg bleu: 0.3795
running acc: 0.0000,running acc: 0.0000,running acc: 0.0000,running acc: 0.0000
ind acc avg: 0.4183,ind acc avg: 0.1998,ind acc avg: 0.0915,ind acc avg: 0.2593
1m 41s (- 7m 33s) (5500 18%) avg loss: 1.8250,3m 43s (- 16m 36s) (5500 18%) avg loss: 2.2054,5m 27s (- 24m 20s) (5500 18%) avg loss: 3.3411,1m 47s (- 7m 59s) (5500 18%) avg loss: 1.9557
avg bleu: 0.4492,avg bleu: 0.4017,avg bleu: 0.3407,avg bleu: 0.3894
running acc: 0.0000,running acc: 0.0000,running acc: 0.0000,running acc: 0.0000
ind acc avg: 0.3393,ind acc avg: 0.1946,ind acc avg: 0.0883,ind acc avg: 0.2677
1m 51s (- 7m 24s) (6000 20%) avg loss: 1.6062,4m 3s (- 16m 15s) (6000 20%) avg loss: 2.2053,5m 57s (- 23m 50s) (6000 20%) avg loss: 3.4843,1m 58s (- 7m 52s) (6000 20%) avg loss: 1.9497
avg bleu: 0.4711,avg bleu: 0.4132,avg bleu: 0.3291,avg bleu: 0.3903
running acc: 0.0040,running acc: 0.0000,running acc: 0.0000,running acc: 0.0000
ind acc avg: 0.3757,ind acc avg: 0.2028,ind acc avg: 0.0850,ind acc avg: 0.2640
2m 0s (- 7m 14s) (6500 21%) avg loss: 1.7603,4m 24s (- 15m 55s) (6500 21%) avg loss: 2.1873,6m 27s (- 23m 20s) (6500 21%) avg loss: 3.4605,2m 7s (- 7m 42s) (6500 21%) avg loss: 1.8981
avg bleu: 0.4449,avg bleu: 0.4218,avg bleu: 0.3348,avg bleu: 0.3870
running acc: 0.0020,running acc: 0.0000,running acc: 0.0000,running acc: 0.0000
ind acc avg: 0.3290,ind acc avg: 0.2030,ind acc avg: 0.0855,ind acc avg: 0.2780
2m 9s (- 7m 5s) (7000 23%) avg loss: 1.5903,4m 44s (- 15m 34s) (7000 23%) avg loss: 2.2191,6m 57s (- 22m 50s) (7000 23%) avg loss: 3.3533,2m 17s (- 7m 32s) (7000 23%) avg loss: 1.8753
avg bleu: 0.4774,avg bleu: 0.4201,avg bleu: 0.3383,avg bleu: 0.3950
running acc: 0.0000,running acc: 0.0000,running acc: 0.0000,running acc: 0.0000
ind acc avg: 0.3787,ind acc avg: 0.1982,ind acc avg: 0.0858,ind acc avg: 0.2757
2m 18s (- 6m 56s) (7500 25%) avg loss: 1.7531,5m 4s (- 15m 12s) (7500 25%) avg loss: 2.2212,7m 26s (- 22m 20s) (7500 25%) avg loss: 3.3114,2m 27s (- 7m 23s) (7500 25%) avg loss: 1.8696
avg bleu: 0.4551,avg bleu: 0.4188,avg bleu: 0.3382,avg bleu: 0.4006
running acc: 0.0020,running acc: 0.0000,running acc: 0.0000,running acc: 0.0020
ind acc avg: 0.3530,ind acc avg: 0.2038,ind acc avg: 0.0903,ind acc avg: 0.2837
2m 27s (- 6m 46s) (8000 26%) avg loss: 1.7869,5m 24s (- 14m 51s) (8000 26%) avg loss: 2.2382,7m 56s (- 21m 51s) (8000 26%) avg loss: 3.3806,2m 37s (- 7m 13s) (8000 26%) avg loss: 1.8280
avg bleu: 0.4365,avg bleu: 0.4110,avg bleu: 0.3283,avg bleu: 0.4069
running acc: 0.0000,running acc: 0.0000,running acc: 0.0000,running acc: 0.0020
ind acc avg: 0.3373,ind acc avg: 0.2020,ind acc avg: 0.0923,ind acc avg: 0.2937
2m 37s (- 6m 37s) (8500 28%) avg loss: 1.8341,5m 44s (- 14m 31s) (8500 28%) avg loss: 2.2294,8m 26s (- 21m 22s) (8500 28%) avg loss: 3.3972,2m 47s (- 7m 3s) (8500 28%) avg loss: 1.8041
avg bleu: 0.4306,avg bleu: 0.4096,avg bleu: 0.3279,avg bleu: 0.4181
running acc: 0.0000,running acc: 0.0000,running acc: 0.0000,running acc: 0.0000
ind acc avg: 0.3263,ind acc avg: 0.2036,ind acc avg: 0.0909,ind acc avg: 0.3077
2m 46s (- 6m 28s) (9000 30%) avg loss: 1.7820,6m 4s (- 14m 10s) (9000 30%) avg loss: 2.2616,8m 57s (- 20m 54s) (9000 30%) avg loss: 3.2775,2m 57s (- 6m 54s) (9000 30%) avg loss: 2.9232
avg bleu: 0.4325,avg bleu: 0.4120,avg bleu: 0.3459,avg bleu: 0.3845
running acc: 0.0000,running acc: 0.0000,running acc: 0.0000,running acc: 0.0000
ind acc avg: 0.3290,ind acc avg: 0.2008,ind acc avg: 0.0880,ind acc avg: 0.2537
2m 55s (- 6m 18s) (9500 31%) avg loss: 1.9585,6m 24s (- 13m 49s) (9500 31%) avg loss: 2.2452,9m 27s (- 20m 24s) (9500 31%) avg loss: 3.3664,3m 7s (- 6m 45s) (9500 31%) avg loss: 3.6253
avg bleu: 0.4185,avg bleu: 0.4210,avg bleu: 0.3519,avg bleu: 0.3715
running acc: 0.0000,running acc: 0.0000,running acc: 0.0000,running acc: 0.0000
ind acc avg: 0.2910,ind acc avg: 0.2006,ind acc avg: 0.0877,ind acc avg: 0.2380
3m 4s (- 6m 9s) (10000 33%) avg loss: 1.8716,6m 44s (- 13m 29s) (10000 33%) avg loss: 2.2459,9m 57s (- 19m 54s) (10000 33%) avg loss: 3.4948,3m 17s (- 6m 35s) (10000 33%) avg loss: 2.6420
avg bleu: 0.4109,avg bleu: 0.4069,avg bleu: 0.3268,avg bleu: 0.3986
running acc: 0.0000,running acc: 0.0000,running acc: 0.0000,running acc: 0.0040
ind acc avg: 0.3027,ind acc avg: 0.2068,ind acc avg: 0.0949,ind acc avg: 0.2637
3m 13s (- 5m 59s) (10500 35%) avg loss: 1.9148,7m 4s (- 13m 8s) (10500 35%) avg loss: 2.2515,10m 26s (- 19m 24s) (10500 35%) avg loss: 3.3858,3m 27s (- 6m 25s) (10500 35%) avg loss: 1.9073
avg bleu: 0.4283,avg bleu: 0.4052,avg bleu: 0.3452,avg bleu: 0.4070
running acc: 0.0000,running acc: 0.0000,running acc: 0.0000,running acc: 0.0000
ind acc avg: 0.3107,ind acc avg: 0.2024,ind acc avg: 0.0904,ind acc avg: 0.2770
3m 23s (- 5m 50s) (11000 36%) avg loss: 1.8110,7m 25s (- 12m 50s) (11000 36%) avg loss: 2.2691,10m 56s (- 18m 54s) (11000 36%) avg loss: 3.3902,3m 37s (- 6m 14s) (11000 36%) avg loss: 2.0529
avg bleu: 0.4278,avg bleu: 0.4023,avg bleu: 0.3340,avg bleu: 0.3999
running acc: 0.0000,running acc: 0.0000,running acc: 0.0000,running acc: 0.0000
ind acc avg: 0.3263,ind acc avg: 0.1922,ind acc avg: 0.0839,ind acc avg: 0.2760
3m 32s (- 5m 41s) (11500 38%) avg loss: 1.7738,7m 45s (- 12m 28s) (11500 38%) avg loss: 2.2552,11m 26s (- 18m 24s) (11500 38%) avg loss: 3.3324,3m 47s (- 6m 5s) (11500 38%) avg loss: 2.0471
avg bleu: 0.4233,avg bleu: 0.4242,avg bleu: 0.3401,avg bleu: 0.3878
running acc: 0.0020,running acc: 0.0000,running acc: 0.0000,running acc: 0.0000
ind acc avg: 0.3280,ind acc avg: 0.2124,ind acc avg: 0.0857,ind acc avg: 0.2717
3m 41s (- 5m 32s) (12000 40%) avg loss: 1.7474,8m 8s (- 12m 13s) (12000 40%) avg loss: 2.2769,11m 57s (- 17m 55s) (12000 40%) avg loss: 3.3277,3m 57s (- 5m 56s) (12000 40%) avg loss: 2.2819
avg bleu: 0.4366,avg bleu: 0.4109,avg bleu: 0.3391,avg bleu: 0.4005
running acc: 0.0000,running acc: 0.0000,running acc: 0.0000,running acc: 0.0000
ind acc avg: 0.3353,ind acc avg: 0.1886,ind acc avg: 0.0923,ind acc avg: 0.2800
3m 50s (- 5m 22s) (12500 41%) avg loss: 3.4867,8m 29s (- 11m 53s) (12500 41%) avg loss: 2.3105,12m 26s (- 17m 25s) (12500 41%) avg loss: 3.3359,4m 6s (- 5m 45s) (12500 41%) avg loss: 2.2055
avg bleu: 0.3503,avg bleu: 0.4136,avg bleu: 0.3396,avg bleu: 0.3975
running acc: 0.0000,running acc: 0.0000,running acc: 0.0000,running acc: 0.0000
ind acc avg: 0.1993,ind acc avg: 0.1928,ind acc avg: 0.0899,ind acc avg: 0.2693
3m 59s (- 5m 13s) (13000 43%) avg loss: 2.9301,8m 50s (- 11m 33s) (13000 43%) avg loss: 2.2850,12m 56s (- 16m 55s) (13000 43%) avg loss: 3.2498,4m 16s (- 5m 35s) (13000 43%) avg loss: 1.9320
avg bleu: 0.3509,avg bleu: 0.4247,avg bleu: 0.3542,avg bleu: 0.4007
running acc: 0.0000,running acc: 0.0000,running acc: 0.0000,running acc: 0.0000
ind acc avg: 0.2143,ind acc avg: 0.1960,ind acc avg: 0.0845,ind acc avg: 0.2880
4m 9s (- 5m 4s) (13500 45%) avg loss: 2.1321,9m 11s (- 11m 14s) (13500 45%) avg loss: 2.2715,13m 26s (- 16m 25s) (13500 45%) avg loss: 3.3884,4m 26s (- 5m 25s) (13500 45%) avg loss: 1.9245
avg bleu: 0.3540,avg bleu: 0.4194,avg bleu: 0.3338,avg bleu: 0.4080
running acc: 0.0000,running acc: 0.0000,running acc: 0.0000,running acc: 0.0000
ind acc avg: 0.2327,ind acc avg: 0.1982,ind acc avg: 0.0901,ind acc avg: 0.2890
4m 18s (- 4m 55s) (14000 46%) avg loss: 2.0753,9m 33s (- 10m 55s) (14000 46%) avg loss: 2.2976,13m 55s (- 15m 55s) (14000 46%) avg loss: 3.3497,4m 36s (- 5m 16s) (14000 46%) avg loss: 1.8511
avg bleu: 0.3955,avg bleu: 0.4193,avg bleu: 0.3405,avg bleu: 0.3980
running acc: 0.0000,running acc: 0.0000,running acc: 0.0000,running acc: 0.0000
ind acc avg: 0.2570,ind acc avg: 0.1914,ind acc avg: 0.0924,ind acc avg: 0.2980
4m 27s (- 4m 45s) (14500 48%) avg loss: 2.0635,9m 54s (- 10m 35s) (14500 48%) avg loss: 2.2770,14m 25s (- 15m 25s) (14500 48%) avg loss: 3.3744,4m 46s (- 5m 6s) (14500 48%) avg loss: 1.8969
avg bleu: 0.3845,avg bleu: 0.4146,avg bleu: 0.3430,avg bleu: 0.4091
running acc: 0.0000,running acc: 0.0000,running acc: 0.0000,running acc: 0.0000
ind acc avg: 0.2503,ind acc avg: 0.2032,ind acc avg: 0.0888,ind acc avg: 0.2857
4m 36s (- 4m 36s) (15000 50%) avg loss: 1.9810,10m 15s (- 10m 15s) (15000 50%) avg loss: 2.2856,14m 55s (- 14m 55s) (15000 50%) avg loss: 3.4359,4m 56s (- 4m 56s) (15000 50%) avg loss: 1.8360
avg bleu: 0.3836,avg bleu: 0.4265,avg bleu: 0.3382,avg bleu: 0.4204
running acc: 0.0000,running acc: 0.0000,running acc: 0.0000,running acc: 0.0000
ind acc avg: 0.2693,ind acc avg: 0.2042,ind acc avg: 0.0820,ind acc avg: 0.3047
4m 45s (- 4m 27s) (15500 51%) avg loss: 1.9676,10m 37s (- 9m 56s) (15500 51%) avg loss: 2.2956,15m 24s (- 14m 25s) (15500 51%) avg loss: 3.4035,5m 8s (- 4m 48s) (15500 51%) avg loss: 2.5441
avg bleu: 0.3880,avg bleu: 0.4110,avg bleu: 0.3390,avg bleu: 0.3712
running acc: 0.0000,running acc: 0.0000,running acc: 0.0000,running acc: 0.0000
ind acc avg: 0.2633,ind acc avg: 0.2070,ind acc avg: 0.0895,ind acc avg: 0.1988
4m 55s (- 4m 18s) (16000 53%) avg loss: 2.0446,10m 56s (- 9m 34s) (16000 53%) avg loss: 2.3349,15m 54s (- 13m 55s) (16000 53%) avg loss: 3.3247,5m 21s (- 4m 41s) (16000 53%) avg loss: 2.3909
avg bleu: 0.3845,avg bleu: 0.4060,avg bleu: 0.3339,avg bleu: 0.3768
running acc: 0.0000,running acc: 0.0000,running acc: 0.0000,running acc: 0.0000
ind acc avg: 0.2603,ind acc avg: 0.1842,ind acc avg: 0.0853,ind acc avg: 0.2062
5m 4s (- 4m 8s) (16500 55%) avg loss: 1.9934,11m 13s (- 9m 11s) (16500 55%) avg loss: 2.3051,16m 24s (- 13m 25s) (16500 55%) avg loss: 3.4273,5m 35s (- 4m 34s) (16500 55%) avg loss: 2.3475
avg bleu: 0.3913,avg bleu: 0.4104,avg bleu: 0.3400,avg bleu: 0.3826
running acc: 0.0000,running acc: 0.0000,running acc: 0.0000,running acc: 0.0000
ind acc avg: 0.2743,ind acc avg: 0.1968,ind acc avg: 0.0855,ind acc avg: 0.2050
5m 13s (- 3m 59s) (17000 56%) avg loss: 1.9078,11m 31s (- 8m 48s) (17000 56%) avg loss: 2.3066,16m 54s (- 12m 55s) (17000 56%) avg loss: 3.3354,5m 50s (- 4m 27s) (17000 56%) avg loss: 2.3085
avg bleu: 0.4115,avg bleu: 0.4164,avg bleu: 0.3480,avg bleu: 0.3959
running acc: 0.0000,running acc: 0.0000,running acc: 0.0000,running acc: 0.0000
ind acc avg: 0.3033,ind acc avg: 0.1966,ind acc avg: 0.0850,ind acc avg: 0.2160
5m 22s (- 3m 50s) (17500 58%) avg loss: 2.0787,11m 52s (- 8m 28s) (17500 58%) avg loss: 2.3197,17m 23s (- 12m 25s) (17500 58%) avg loss: 3.4562,6m 4s (- 4m 20s) (17500 58%) avg loss: 2.2968
avg bleu: 0.3771,avg bleu: 0.4137,avg bleu: 0.3271,avg bleu: 0.4038
running acc: 0.0000,running acc: 0.0000,running acc: 0.0000,running acc: 0.0000
ind acc avg: 0.2457,ind acc avg: 0.1916,ind acc avg: 0.0895,ind acc avg: 0.2193
5m 31s (- 3m 41s) (18000 60%) avg loss: 1.9627,12m 13s (- 8m 8s) (18000 60%) avg loss: 2.3014,17m 53s (- 11m 55s) (18000 60%) avg loss: 3.3466,6m 18s (- 4m 12s) (18000 60%) avg loss: 2.2620
avg bleu: 0.3868,avg bleu: 0.4008,avg bleu: 0.3324,avg bleu: 0.4008
running acc: 0.0000,running acc: 0.0000,running acc: 0.0000,running acc: 0.0000
ind acc avg: 0.2697,ind acc avg: 0.1960,ind acc avg: 0.0867,ind acc avg: 0.2150
5m 41s (- 3m 32s) (18500 61%) avg loss: 2.0143,12m 34s (- 7m 48s) (18500 61%) avg loss: 2.3030,18m 22s (- 11m 25s) (18500 61%) avg loss: 3.3391,6m 31s (- 4m 3s) (18500 61%) avg loss: 2.2655
avg bleu: 0.3757,avg bleu: 0.4079,avg bleu: 0.3348,avg bleu: 0.3851
running acc: 0.0000,running acc: 0.0000,running acc: 0.0000,running acc: 0.0000
ind acc avg: 0.2593,ind acc avg: 0.1940,ind acc avg: 0.0865,ind acc avg: 0.2162
5m 50s (- 3m 22s) (19000 63%) avg loss: 1.9245,12m 54s (- 7m 28s) (19000 63%) avg loss: 2.2952,18m 53s (- 10m 56s) (19000 63%) avg loss: 3.4336,6m 44s (- 3m 53s) (19000 63%) avg loss: 2.2598
avg bleu: 0.4101,avg bleu: 0.4195,avg bleu: 0.3338,avg bleu: 0.4062
running acc: 0.0000,running acc: 0.0000,running acc: 0.0000,running acc: 0.0000
ind acc avg: 0.2927,ind acc avg: 0.1904,ind acc avg: 0.0894,ind acc avg: 0.2295
5m 59s (- 3m 13s) (19500 65%) avg loss: 1.8823,13m 15s (- 7m 8s) (19500 65%) avg loss: 2.2967,19m 22s (- 10m 26s) (19500 65%) avg loss: 3.3830,6m 56s (- 3m 44s) (19500 65%) avg loss: 2.3526
avg bleu: 0.4076,avg bleu: 0.4175,avg bleu: 0.3433,avg bleu: 0.3937
running acc: 0.0000,running acc: 0.0000,running acc: 0.0000,running acc: 0.0000
ind acc avg: 0.2863,ind acc avg: 0.2046,ind acc avg: 0.0884,ind acc avg: 0.2023
6m 8s (- 3m 4s) (20000 66%) avg loss: 1.7702,13m 36s (- 6m 48s) (20000 66%) avg loss: 2.2909,19m 52s (- 9m 56s) (20000 66%) avg loss: 3.3139,7m 9s (- 3m 34s) (20000 66%) avg loss: 2.3500
avg bleu: 0.4422,avg bleu: 0.4136,avg bleu: 0.3451,avg bleu: 0.4047
running acc: 0.0020,running acc: 0.0000,running acc: 0.0000,running acc: 0.0000
ind acc avg: 0.3300,ind acc avg: 0.1960,ind acc avg: 0.0883,ind acc avg: 0.2090
6m 18s (- 2m 55s) (20500 68%) avg loss: 1.7514,13m 56s (- 6m 27s) (20500 68%) avg loss: 2.3079,20m 22s (- 9m 26s) (20500 68%) avg loss: 3.3365,7m 24s (- 3m 26s) (20500 68%) avg loss: 2.7287
avg bleu: 0.4540,avg bleu: 0.4142,avg bleu: 0.3403,avg bleu: 0.4264
running acc: 0.0000,running acc: 0.0000,running acc: 0.0000,running acc: 0.0000
ind acc avg: 0.3333,ind acc avg: 0.1896,ind acc avg: 0.0899,ind acc avg: 0.1772
6m 28s (- 2m 46s) (21000 70%) avg loss: 1.9980,14m 17s (- 6m 7s) (21000 70%) avg loss: 2.3143,20m 52s (- 8m 56s) (21000 70%) avg loss: 3.4378,7m 42s (- 3m 18s) (21000 70%) avg loss: 2.7251
avg bleu: 0.3986,avg bleu: 0.4225,avg bleu: 0.3398,avg bleu: 0.4120
running acc: 0.0000,running acc: 0.0000,running acc: 0.0000,running acc: 0.0000
ind acc avg: 0.2917,ind acc avg: 0.1962,ind acc avg: 0.0859,ind acc avg: 0.1630
6m 37s (- 2m 37s) (21500 71%) avg loss: 1.9852,14m 38s (- 5m 47s) (21500 71%) avg loss: 2.3080,21m 22s (- 8m 27s) (21500 71%) avg loss: 3.3434,7m 59s (- 3m 9s) (21500 71%) avg loss: 2.7182
avg bleu: 0.3823,avg bleu: 0.4074,avg bleu: 0.3478,avg bleu: 0.4113
running acc: 0.0020,running acc: 0.0000,running acc: 0.0000,running acc: 0.0000
ind acc avg: 0.2650,ind acc avg: 0.1922,ind acc avg: 0.0862,ind acc avg: 0.1660
6m 46s (- 2m 27s) (22000 73%) avg loss: 1.8477,14m 59s (- 5m 26s) (22000 73%) avg loss: 2.3173,21m 52s (- 7m 57s) (22000 73%) avg loss: 3.4324,8m 16s (- 3m 0s) (22000 73%) avg loss: 2.7483
avg bleu: 0.4124,avg bleu: 0.4130,avg bleu: 0.3361,avg bleu: 0.4263
running acc: 0.0000,running acc: 0.0000,running acc: 0.0000,running acc: 0.0000
ind acc avg: 0.3047,ind acc avg: 0.1946,ind acc avg: 0.0838,ind acc avg: 0.1550
6m 55s (- 2m 18s) (22500 75%) avg loss: 1.8038,15m 20s (- 5m 6s) (22500 75%) avg loss: 2.2976,22m 22s (- 7m 27s) (22500 75%) avg loss: 3.3636,8m 33s (- 2m 51s) (22500 75%) avg loss: 2.7311
avg bleu: 0.4288,avg bleu: 0.4209,avg bleu: 0.3293,avg bleu: 0.4197
running acc: 0.0000,running acc: 0.0000,running acc: 0.0000,running acc: 0.0000
ind acc avg: 0.3110,ind acc avg: 0.1968,ind acc avg: 0.0892,ind acc avg: 0.1608
7m 4s (- 2m 9s) (23000 76%) avg loss: 2.0349,15m 41s (- 4m 46s) (23000 76%) avg loss: 2.2964,22m 53s (- 6m 58s) (23000 76%) avg loss: 3.4465,8m 49s (- 2m 41s) (23000 76%) avg loss: 2.7060
avg bleu: 0.4047,avg bleu: 0.4220,avg bleu: 0.3392,avg bleu: 0.4120
running acc: 0.0000,running acc: 0.0000,running acc: 0.0000,running acc: 0.0000
ind acc avg: 0.2807,ind acc avg: 0.2026,ind acc avg: 0.0896,ind acc avg: 0.1538
7m 14s (- 2m 0s) (23500 78%) avg loss: 1.9605,16m 2s (- 4m 26s) (23500 78%) avg loss: 2.3037,23m 23s (- 6m 28s) (23500 78%) avg loss: 3.3893,9m 5s (- 2m 30s) (23500 78%) avg loss: 2.6889
avg bleu: 0.4139,avg bleu: 0.4232,avg bleu: 0.3384,avg bleu: 0.4129
running acc: 0.0000,running acc: 0.0000,running acc: 0.0000,running acc: 0.0000
ind acc avg: 0.2817,ind acc avg: 0.2022,ind acc avg: 0.0896,ind acc avg: 0.1630
7m 23s (- 1m 50s) (24000 80%) avg loss: 1.9592,16m 22s (- 4m 5s) (24000 80%) avg loss: 2.3209,23m 52s (- 5m 58s) (24000 80%) avg loss: 3.3025,9m 21s (- 2m 20s) (24000 80%) avg loss: 2.7018
avg bleu: 0.3957,avg bleu: 0.4143,avg bleu: 0.3613,avg bleu: 0.4021
running acc: 0.0020,running acc: 0.0000,running acc: 0.0000,running acc: 0.0000
ind acc avg: 0.2770,ind acc avg: 0.2032,ind acc avg: 0.0859,ind acc avg: 0.1640
7m 32s (- 1m 41s) (24500 81%) avg loss: 1.9661,16m 44s (- 3m 45s) (24500 81%) avg loss: 2.3145,24m 21s (- 5m 28s) (24500 81%) avg loss: 3.3644,9m 37s (- 2m 9s) (24500 81%) avg loss: 2.6781
avg bleu: 0.3967,avg bleu: 0.4194,avg bleu: 0.3527,avg bleu: 0.3856
running acc: 0.0000,running acc: 0.0000,running acc: 0.0000,running acc: 0.0000
ind acc avg: 0.2757,ind acc avg: 0.2012,ind acc avg: 0.0838,ind acc avg: 0.1634
7m 41s (- 1m 32s) (25000 83%) avg loss: 1.8736,17m 5s (- 3m 25s) (25000 83%) avg loss: 2.3272,24m 51s (- 4m 58s) (25000 83%) avg loss: 3.3899,9m 52s (- 1m 58s) (25000 83%) avg loss: 2.7042
avg bleu: 0.4074,avg bleu: 0.4174,avg bleu: 0.3433,avg bleu: 0.3931
running acc: 0.0000,running acc: 0.0000,running acc: 0.0000,running acc: 0.0000
ind acc avg: 0.2883,ind acc avg: 0.1914,ind acc avg: 0.0835,ind acc avg: 0.1646
7m 50s (- 1m 23s) (25500 85%) avg loss: 3.1591,17m 26s (- 3m 4s) (25500 85%) avg loss: 2.2986,25m 20s (- 4m 28s) (25500 85%) avg loss: 3.3936,10m 12s (- 1m 48s) (25500 85%) avg loss: 2.9545
avg bleu: 0.3786,avg bleu: 0.4116,avg bleu: 0.3417,avg bleu: 0.4032
running acc: 0.0000,running acc: 0.0000,running acc: 0.0000,running acc: 0.0000
ind acc avg: 0.2370,ind acc avg: 0.1992,ind acc avg: 0.0916,ind acc avg: 0.1295
8m 0s (- 1m 13s) (26000 86%) avg loss: 3.9687,17m 47s (- 2m 44s) (26000 86%) avg loss: 2.3047,25m 50s (- 3m 58s) (26000 86%) avg loss: 3.3956,10m 32s (- 1m 37s) (26000 86%) avg loss: 2.9512
avg bleu: 0.3593,avg bleu: 0.4230,avg bleu: 0.3477,avg bleu: 0.3974
running acc: 0.0000,running acc: 0.0000,running acc: 0.0000,running acc: 0.0000
ind acc avg: 0.2003,ind acc avg: 0.2048,ind acc avg: 0.0881,ind acc avg: 0.1260
8m 9s (- 1m 4s) (26500 88%) avg loss: 4.0284,18m 8s (- 2m 23s) (26500 88%) avg loss: 2.3289,26m 19s (- 3m 28s) (26500 88%) avg loss: 3.4054,10m 52s (- 1m 26s) (26500 88%) avg loss: 3.0199
avg bleu: 0.3637,avg bleu: 0.4321,avg bleu: 0.3416,avg bleu: 0.3915
running acc: 0.0000,running acc: 0.0020,running acc: 0.0000,running acc: 0.0000
ind acc avg: 0.1927,ind acc avg: 0.1992,ind acc avg: 0.0865,ind acc avg: 0.1257
8m 18s (- 0m 55s) (27000 90%) avg loss: 4.0202,18m 29s (- 2m 3s) (27000 90%) avg loss: 2.3080,26m 49s (- 2m 58s) (27000 90%) avg loss: 3.3977,11m 13s (- 1m 14s) (27000 90%) avg loss: 3.0707
avg bleu: 0.3604,avg bleu: 0.4289,avg bleu: 0.3342,avg bleu: 0.3589
running acc: 0.0000,running acc: 0.0000,running acc: 0.0000,running acc: 0.0000
ind acc avg: 0.1987,ind acc avg: 0.2076,ind acc avg: 0.0913,ind acc avg: 0.1128
8m 27s (- 0m 46s) (27500 91%) avg loss: 3.9893,18m 49s (- 1m 42s) (27500 91%) avg loss: 2.3153,27m 18s (- 2m 28s) (27500 91%) avg loss: 3.2922,11m 34s (- 1m 3s) (27500 91%) avg loss: 2.9846
avg bleu: 0.3671,avg bleu: 0.4248,avg bleu: 0.3421,avg bleu: 0.3743
running acc: 0.0000,running acc: 0.0000,running acc: 0.0000,running acc: 0.0000
ind acc avg: 0.2007,ind acc avg: 0.2002,ind acc avg: 0.0879,ind acc avg: 0.1241
8m 36s (- 0m 36s) (28000 93%) avg loss: 3.9876,19m 11s (- 1m 22s) (28000 93%) avg loss: 2.3083,27m 48s (- 1m 59s) (28000 93%) avg loss: 3.3076,11m 55s (- 0m 51s) (28000 93%) avg loss: 3.0166
avg bleu: 0.3621,avg bleu: 0.4214,avg bleu: 0.3435,avg bleu: 0.3737
running acc: 0.0000,running acc: 0.0000,running acc: 0.0000,running acc: 0.0000
ind acc avg: 0.2067,ind acc avg: 0.1974,ind acc avg: 0.0896,ind acc avg: 0.1267
8m 46s (- 0m 27s) (28500 95%) avg loss: 3.9844,19m 33s (- 1m 1s) (28500 95%) avg loss: 2.3265,28m 17s (- 1m 29s) (28500 95%) avg loss: 3.3598,12m 15s (- 0m 38s) (28500 95%) avg loss: 2.9381
avg bleu: 0.3617,avg bleu: 0.4140,avg bleu: 0.3393,avg bleu: 0.4098
running acc: 0.0000,running acc: 0.0000,running acc: 0.0000,running acc: 0.0000
ind acc avg: 0.1983,ind acc avg: 0.1976,ind acc avg: 0.0883,ind acc avg: 0.1358
8m 55s (- 0m 18s) (29000 96%) avg loss: 3.9769,19m 54s (- 0m 41s) (29000 96%) avg loss: 2.6594,28m 48s (- 0m 59s) (29000 96%) avg loss: 3.3962,12m 37s (- 0m 26s) (29000 96%) avg loss: 2.9211
avg bleu: 0.3495,avg bleu: 0.4068,avg bleu: 0.3364,avg bleu: 0.4057
running acc: 0.0000,running acc: 0.0000,running acc: 0.0000,running acc: 0.0000
ind acc avg: 0.1870,ind acc avg: 0.1784,ind acc avg: 0.0935,ind acc avg: 0.1291
9m 4s (- 0m 9s) (29500 98%) avg loss: 3.9803,20m 17s (- 0m 20s) (29500 98%) avg loss: 2.4514,29m 18s (- 0m 29s) (29500 98%) avg loss: 3.3865,12m 58s (- 0m 13s) (29500 98%) avg loss: 2.9502
avg bleu: 0.3579,avg bleu: 0.4089,avg bleu: 0.3426,avg bleu: 0.3910
running acc: 0.0000,running acc: 0.0000,running acc: 0.0000,running acc: 0.0000
ind acc avg: 0.1970,ind acc avg: 0.1934,ind acc avg: 0.0913,ind acc avg: 0.1340
9m 13s (- 0m 0s) (30000 100%) avg loss: 3.8914,20m 40s (- 0m 0s) (30000 100%) avg loss: 2.3227,29m 47s (- 0m 0s) (30000 100%) avg loss: 3.3621,13m 18s (- 0m 0s) (30000 100%) avg loss: 2.9295
avg bleu: 0.3623,avg bleu: 0.4239,avg bleu: 0.3426,avg bleu: 0.3956
running acc: 0.0000,running acc: 0.0000,running acc: 0.0000,running acc: 0.0000
ind acc avg: 0.2080,ind acc avg: 0.2092,ind acc avg: 0.0881,ind acc avg: 0.1234